,frames,steering_angle
0,701.jpg,0.0
1,702.jpg,0.0
2,703.jpg,0.0
3,704.jpg,0.0
4,705.jpg,0.0
5,706.jpg,0.0
6,707.jpg,0.0
7,708.jpg,0.0
8,709.jpg,0.0
9,710.jpg,0.0
10,711.jpg,0.0
11,712.jpg,0.0
12,713.jpg,0.0
13,714.jpg,0.0
14,715.jpg,0.0
15,716.jpg,0.0
16,717.jpg,0.0
17,718.jpg,0.0
18,719.jpg,0.0
19,720.jpg,0.0
20,721.jpg,0.0
21,722.jpg,0.0
22,723.jpg,0.0
23,724.jpg,0.0
24,725.jpg,0.0
25,726.jpg,0.0
26,727.jpg,0.0
27,728.jpg,0.0
28,729.jpg,0.0
29,730.jpg,0.0
30,731.jpg,0.0
31,732.jpg,0.0
32,733.jpg,0.0
33,734.jpg,0.0
34,735.jpg,0.0
35,736.jpg,0.0
36,737.jpg,0.0
37,738.jpg,0.0
38,739.jpg,0.0
39,740.jpg,0.0
40,741.jpg,0.0
41,742.jpg,0.0
42,743.jpg,0.0
43,744.jpg,0.0
44,745.jpg,0.0
45,746.jpg,0.0
46,747.jpg,0.0
47,748.jpg,0.0
48,749.jpg,0.0
49,750.jpg,0.0
50,751.jpg,0.0
51,752.jpg,0.0
52,753.jpg,0.0
53,754.jpg,0.0
54,755.jpg,0.0
55,756.jpg,0.0
56,757.jpg,0.0
57,758.jpg,0.0
58,759.jpg,0.0
59,760.jpg,0.0
60,761.jpg,0.0
61,762.jpg,0.0
62,763.jpg,0.0
63,764.jpg,0.0
64,765.jpg,0.0
65,766.jpg,0.0
66,767.jpg,0.0
67,768.jpg,0.0
68,769.jpg,0.0
69,770.jpg,0.0
70,771.jpg,0.0
71,772.jpg,0.0
72,773.jpg,0.0
73,774.jpg,0.0
74,775.jpg,0.0
75,776.jpg,0.0
76,777.jpg,0.0
77,778.jpg,0.0
78,779.jpg,0.0
79,780.jpg,0.0
80,781.jpg,0.0
81,782.jpg,0.0
82,783.jpg,0.0
83,784.jpg,0.0
84,785.jpg,0.0
85,786.jpg,0.0
86,787.jpg,0.0
87,788.jpg,0.0
88,789.jpg,0.0
89,790.jpg,0.0
90,791.jpg,0.0
91,792.jpg,0.0
92,793.jpg,0.0
93,794.jpg,0.0
94,795.jpg,0.0
95,796.jpg,0.0
96,797.jpg,0.0
97,798.jpg,0.0
98,799.jpg,0.0
99,800.jpg,0.0
100,801.jpg,0.0
101,802.jpg,0.0
102,803.jpg,0.0
103,804.jpg,0.0
104,805.jpg,0.0
105,806.jpg,0.0
106,807.jpg,0.0
107,808.jpg,0.0
108,809.jpg,0.0
109,810.jpg,0.0
110,811.jpg,0.0
111,812.jpg,0.0
112,813.jpg,0.0
113,814.jpg,0.0
114,815.jpg,0.0
115,816.jpg,0.0
116,817.jpg,0.0
117,818.jpg,0.0
118,819.jpg,0.0
119,820.jpg,0.0
120,821.jpg,0.0
121,822.jpg,0.0
122,823.jpg,0.0
123,824.jpg,0.0
124,825.jpg,0.0
125,826.jpg,0.0
126,827.jpg,0.0
127,828.jpg,0.0
128,829.jpg,0.0
129,830.jpg,0.0
130,831.jpg,0.0
131,832.jpg,0.0
132,833.jpg,0.0
133,834.jpg,0.0
134,835.jpg,0.0
135,836.jpg,0.0
136,837.jpg,0.0
137,838.jpg,0.0
138,839.jpg,0.0
139,840.jpg,0.0
140,841.jpg,0.0
141,842.jpg,0.0
142,843.jpg,0.0
143,844.jpg,0.0
144,845.jpg,0.0
145,846.jpg,0.0
146,847.jpg,0.0
147,848.jpg,0.0
148,849.jpg,0.0
149,850.jpg,0.0
150,851.jpg,0.0
151,852.jpg,0.0
152,853.jpg,0.0
153,854.jpg,0.0
154,855.jpg,0.0
155,856.jpg,0.0
156,857.jpg,0.0
157,858.jpg,0.0
158,859.jpg,0.0
159,860.jpg,0.0
160,861.jpg,0.0
161,862.jpg,0.0
162,863.jpg,0.0
163,864.jpg,0.0
164,865.jpg,0.0
165,866.jpg,0.0
166,867.jpg,0.0
167,868.jpg,0.0
168,869.jpg,0.0
169,870.jpg,0.0
170,871.jpg,0.0
171,872.jpg,0.0
172,873.jpg,0.0
173,874.jpg,0.0
174,875.jpg,0.0
175,876.jpg,0.0
176,877.jpg,0.0
177,878.jpg,0.0
178,879.jpg,0.0
179,880.jpg,0.0
180,881.jpg,0.0
181,882.jpg,0.0
182,883.jpg,0.0
183,884.jpg,0.0
184,885.jpg,0.0
185,886.jpg,0.0
186,887.jpg,0.0
187,888.jpg,0.0
188,889.jpg,0.0
189,890.jpg,0.0
190,891.jpg,0.0
191,892.jpg,0.0
192,893.jpg,0.0
193,894.jpg,0.0
194,895.jpg,0.0
195,896.jpg,0.0
196,897.jpg,0.0
197,898.jpg,0.0
198,899.jpg,0.0
199,900.jpg,0.0
200,901.jpg,0.0
201,902.jpg,0.0
202,903.jpg,0.0
203,904.jpg,0.0
204,905.jpg,0.0
205,906.jpg,0.0
206,907.jpg,0.0
207,908.jpg,0.0
208,909.jpg,0.0
209,910.jpg,0.0
210,911.jpg,0.0
211,912.jpg,0.0
212,913.jpg,0.0
213,914.jpg,0.0
214,915.jpg,0.0
215,916.jpg,0.0
216,917.jpg,0.0
217,918.jpg,0.0
218,919.jpg,0.0
219,920.jpg,0.0
220,921.jpg,0.0
221,922.jpg,0.0
222,923.jpg,0.0
223,924.jpg,0.0
224,925.jpg,0.0
225,926.jpg,0.0
226,927.jpg,0.0
227,928.jpg,0.0
228,929.jpg,0.0
229,930.jpg,0.0
230,931.jpg,0.0
231,932.jpg,0.0
232,933.jpg,0.0
233,934.jpg,0.0
234,935.jpg,0.0
235,936.jpg,0.0
236,937.jpg,0.0
237,938.jpg,0.0
238,939.jpg,0.0
239,940.jpg,0.0
240,941.jpg,0.0
241,942.jpg,0.0
242,943.jpg,0.0
243,944.jpg,0.0
244,945.jpg,0.0
245,946.jpg,0.0
246,947.jpg,0.0
247,948.jpg,0.0
248,949.jpg,0.0
249,950.jpg,0.0
250,951.jpg,0.0
251,952.jpg,0.0
252,953.jpg,0.0
253,954.jpg,0.0
254,955.jpg,0.0
255,956.jpg,0.0
256,957.jpg,0.0
257,958.jpg,0.0
258,959.jpg,0.0
259,960.jpg,0.0
260,961.jpg,0.0
261,962.jpg,0.0
262,963.jpg,0.0
263,964.jpg,0.0
264,965.jpg,0.0
265,966.jpg,0.0
266,967.jpg,0.0
267,968.jpg,0.0
268,969.jpg,0.0
269,970.jpg,0.0
270,971.jpg,0.0
271,972.jpg,0.0
272,973.jpg,0.0
273,974.jpg,0.0
274,975.jpg,0.0
275,976.jpg,0.0
276,977.jpg,0.0
277,978.jpg,0.0
278,979.jpg,0.0
279,980.jpg,0.0
280,981.jpg,0.0
281,982.jpg,0.0
282,983.jpg,0.0
283,984.jpg,0.0
284,985.jpg,0.0
285,986.jpg,0.0
286,987.jpg,0.0
287,988.jpg,0.0
288,989.jpg,0.0
289,990.jpg,0.0
290,991.jpg,0.0
291,992.jpg,0.0
292,993.jpg,0.0
293,994.jpg,0.0
294,995.jpg,0.0
295,996.jpg,0.0
296,997.jpg,0.0
297,998.jpg,0.0
298,999.jpg,0.0
299,1000.jpg,0.0
300,1001.jpg,0.0
301,1002.jpg,0.0
302,1003.jpg,0.0
303,1004.jpg,0.0
304,1005.jpg,0.0
305,1006.jpg,0.0
306,1007.jpg,0.0
307,1008.jpg,0.0
308,1009.jpg,0.0
309,1010.jpg,0.0
310,1011.jpg,0.0
311,1012.jpg,0.0
312,1013.jpg,0.0
313,1014.jpg,0.0
314,1015.jpg,0.0
315,1016.jpg,0.0
316,1017.jpg,0.0
317,1018.jpg,0.0
318,1019.jpg,0.0
319,1020.jpg,0.0
320,1021.jpg,0.015411376953125
321,1022.jpg,0.0513916015625
322,1023.jpg,0.053955078125
323,1024.jpg,0.053955078125
324,1025.jpg,0.053955078125
325,1026.jpg,0.053955078125
326,1027.jpg,0.0513916015625
327,1028.jpg,0.0462646484375
328,1029.jpg,0.0462646484375
329,1030.jpg,0.0462646484375
330,1031.jpg,0.0462646484375
331,1032.jpg,0.0462646484375
332,1033.jpg,0.0462646484375
333,1034.jpg,0.0462646484375
334,1035.jpg,0.0462646484375
335,1036.jpg,0.0462646484375
336,1037.jpg,0.0462646484375
337,1038.jpg,0.0462646484375
338,1039.jpg,0.0462646484375
339,1040.jpg,0.0462646484375
340,1041.jpg,0.0462646484375
341,1042.jpg,0.0462646484375
342,1043.jpg,0.0462646484375
343,1044.jpg,0.0462646484375
344,1045.jpg,0.0462646484375
345,1046.jpg,0.0462646484375
346,1047.jpg,0.0462646484375
347,1048.jpg,0.0462646484375
348,1049.jpg,0.0462646484375
349,1050.jpg,0.0462646484375
350,1051.jpg,0.0462646484375
351,1052.jpg,0.0
352,1053.jpg,0.0
353,1054.jpg,0.0
354,1055.jpg,0.0
355,1056.jpg,0.0
356,1057.jpg,0.0
357,1058.jpg,0.0
358,1059.jpg,0.0
359,1060.jpg,0.0
360,1061.jpg,0.0
361,1062.jpg,0.0
362,1063.jpg,0.0
363,1064.jpg,0.0
364,1065.jpg,-0.066864013671875
365,1066.jpg,-0.066864013671875
366,1067.jpg,-0.066864013671875
367,1068.jpg,-0.1234130859375
368,1069.jpg,-0.51416015625
369,1070.jpg,-0.53472900390625
370,1071.jpg,0.0
371,1072.jpg,0.29046630859375
372,1073.jpg,0.5758056640625
373,1074.jpg,0.673492431640625
374,1075.jpg,0.349609375
375,1076.jpg,0.0
376,1077.jpg,0.0
377,1078.jpg,0.0
378,1079.jpg,0.0
379,1080.jpg,0.0
380,1081.jpg,0.0
381,1082.jpg,0.0
382,1083.jpg,0.0
383,1084.jpg,-0.16455078125
384,1085.jpg,-0.19024658203125
385,1086.jpg,0.0
386,1087.jpg,0.0
387,1088.jpg,0.06683349609375
388,1089.jpg,0.07196044921875
389,1090.jpg,0.349609375
390,1091.jpg,0.344451904296875
391,1092.jpg,0.344451904296875
392,1093.jpg,0.4010009765625
393,1094.jpg,0.0
394,1095.jpg,0.0
395,1096.jpg,0.0
396,1097.jpg,0.0
397,1098.jpg,0.084808349609375
398,1099.jpg,0.20562744140625
399,1100.jpg,0.20562744140625
400,1101.jpg,0.107940673828125
401,1102.jpg,0.06939697265625
402,1103.jpg,0.061676025390625
403,1104.jpg,0.06683349609375
404,1105.jpg,0.06683349609375
405,1106.jpg,0.06683349609375
406,1107.jpg,0.06683349609375
407,1108.jpg,0.06683349609375
408,1109.jpg,0.06683349609375
409,1110.jpg,0.06683349609375
410,1111.jpg,0.06683349609375
411,1112.jpg,0.06683349609375
412,1113.jpg,0.06683349609375
413,1114.jpg,0.06683349609375
414,1115.jpg,0.06683349609375
415,1116.jpg,0.06683349609375
416,1117.jpg,0.06683349609375
417,1118.jpg,0.06683349609375
418,1119.jpg,0.077117919921875
419,1120.jpg,0.251922607421875
420,1121.jpg,0.303314208984375
421,1122.jpg,0.298187255859375
422,1123.jpg,0.29302978515625
423,1124.jpg,0.06683349609375
424,1125.jpg,0.0
425,1126.jpg,0.0
426,1127.jpg,0.0
427,1128.jpg,0.0
428,1129.jpg,0.0
429,1130.jpg,0.0
430,1131.jpg,0.0
431,1132.jpg,-0.071990966796875
432,1133.jpg,-0.06170654296875
433,1134.jpg,0.0
434,1135.jpg,0.0
435,1136.jpg,0.0
436,1137.jpg,0.0
437,1138.jpg,0.0
438,1139.jpg,0.0
439,1140.jpg,0.0
440,1141.jpg,0.0
441,1142.jpg,0.0
442,1143.jpg,0.0
443,1144.jpg,0.0
444,1145.jpg,0.0
445,1146.jpg,-0.030853271484375
446,1147.jpg,-0.2159423828125
447,1148.jpg,-0.2159423828125
448,1149.jpg,-0.16455078125
449,1150.jpg,-0.113128662109375
450,1151.jpg,-0.10284423828125
451,1152.jpg,0.0
452,1153.jpg,0.0
453,1154.jpg,0.0
454,1155.jpg,0.0
455,1156.jpg,0.0
456,1157.jpg,0.0
457,1158.jpg,0.0
458,1159.jpg,0.0
459,1160.jpg,0.0
460,1161.jpg,0.0
461,1162.jpg,0.0
462,1163.jpg,0.0
463,1164.jpg,0.0
464,1165.jpg,0.0
465,1166.jpg,0.0
466,1167.jpg,0.0
467,1168.jpg,0.0
468,1169.jpg,0.0
469,1170.jpg,0.0
470,1171.jpg,0.0
471,1172.jpg,0.0
472,1173.jpg,0.0
473,1174.jpg,0.0
474,1175.jpg,0.0
475,1176.jpg,0.0
476,1177.jpg,0.0
477,1178.jpg,0.0
478,1179.jpg,0.0
479,1180.jpg,0.0
480,1181.jpg,0.0
481,1182.jpg,0.0
482,1183.jpg,0.0
483,1184.jpg,0.0
484,1185.jpg,0.0
485,1186.jpg,0.0
486,1187.jpg,0.0
487,1188.jpg,0.0
488,1189.jpg,0.0
489,1190.jpg,0.0
490,1191.jpg,0.0
491,1192.jpg,0.0
492,1193.jpg,0.0
493,1194.jpg,0.0
494,1195.jpg,0.0
495,1196.jpg,0.0
496,1197.jpg,0.0
497,1198.jpg,0.0
498,1199.jpg,0.0
499,1200.jpg,0.0
500,1201.jpg,0.0
501,1202.jpg,0.0
502,1203.jpg,0.0
503,1204.jpg,0.0
504,1205.jpg,0.0
505,1206.jpg,0.0
506,1207.jpg,0.0
507,1208.jpg,0.0
508,1209.jpg,0.0
509,1210.jpg,0.0
510,1211.jpg,0.0
511,1212.jpg,0.0
512,1213.jpg,0.0
513,1214.jpg,0.0
514,1215.jpg,0.0
515,1216.jpg,0.0
516,1217.jpg,0.0
517,1218.jpg,0.0
518,1219.jpg,0.0
519,1220.jpg,0.0
520,1221.jpg,0.0
521,1222.jpg,0.0
522,1223.jpg,0.0
523,1224.jpg,0.0
524,1225.jpg,0.0
525,1226.jpg,0.0
526,1227.jpg,0.0
527,1228.jpg,0.0
528,1229.jpg,-0.082275390625
529,1230.jpg,-0.120849609375
530,1231.jpg,-0.120849609375
531,1232.jpg,-0.120849609375
532,1233.jpg,-0.113128662109375
533,1234.jpg,-0.113128662109375
534,1235.jpg,-0.113128662109375
535,1236.jpg,-0.113128662109375
536,1237.jpg,-0.113128662109375
537,1238.jpg,-0.113128662109375
538,1239.jpg,-0.113128662109375
539,1240.jpg,-0.16455078125
540,1241.jpg,-0.16455078125
541,1242.jpg,-0.046295166015625
542,1243.jpg,0.0
543,1244.jpg,0.0
544,1245.jpg,0.0
545,1246.jpg,0.0
546,1247.jpg,0.0
547,1248.jpg,0.0
548,1249.jpg,0.0
549,1250.jpg,0.0
550,1251.jpg,0.0
551,1252.jpg,0.0
552,1253.jpg,0.0
553,1254.jpg,0.0
554,1255.jpg,0.0
555,1256.jpg,0.0
556,1257.jpg,0.0
557,1258.jpg,0.0
558,1259.jpg,0.0
559,1260.jpg,0.0
560,1261.jpg,0.0
561,1262.jpg,0.0
562,1263.jpg,0.0
563,1264.jpg,0.0
564,1265.jpg,0.0
565,1266.jpg,0.0
566,1267.jpg,0.0
567,1268.jpg,0.0
568,1269.jpg,0.0
569,1270.jpg,0.0
570,1271.jpg,0.0
571,1272.jpg,0.0
572,1273.jpg,0.0
573,1274.jpg,0.0
574,1275.jpg,0.0
575,1276.jpg,0.0
576,1277.jpg,0.0
577,1278.jpg,0.0
578,1279.jpg,0.0
579,1280.jpg,0.0
580,1281.jpg,0.0
581,1282.jpg,0.0
582,1283.jpg,0.0
583,1284.jpg,0.0
584,1285.jpg,0.0
585,1286.jpg,0.0
586,1287.jpg,0.0
587,1288.jpg,0.0
588,1289.jpg,0.0
589,1290.jpg,0.0
590,1291.jpg,0.0
591,1292.jpg,0.0
592,1293.jpg,0.0
593,1294.jpg,0.0
594,1295.jpg,0.0
595,1296.jpg,0.0
596,1297.jpg,0.0
597,1298.jpg,0.0
598,1299.jpg,0.0
599,1300.jpg,0.0
600,1301.jpg,0.0
601,1302.jpg,0.0
602,1303.jpg,0.0
603,1304.jpg,0.0
604,1305.jpg,0.0
605,1306.jpg,0.0
606,1307.jpg,0.0
607,1308.jpg,0.0
608,1309.jpg,0.0
609,1310.jpg,0.0
610,1311.jpg,0.0
611,1312.jpg,0.0
612,1313.jpg,0.0
613,1314.jpg,0.0
614,1315.jpg,0.0
615,1316.jpg,0.0
616,1317.jpg,0.0
617,1318.jpg,0.0
618,1319.jpg,0.0
619,1320.jpg,0.0
620,1321.jpg,0.0
621,1322.jpg,0.0
622,1323.jpg,0.0
623,1324.jpg,0.0
624,1325.jpg,0.0
625,1326.jpg,0.0
626,1327.jpg,0.0
627,1328.jpg,0.0
628,1329.jpg,0.0
629,1330.jpg,0.0
630,1331.jpg,0.0
631,1332.jpg,0.0
632,1333.jpg,0.0
633,1334.jpg,0.0
634,1335.jpg,0.0
635,1336.jpg,0.0
636,1337.jpg,0.0
637,1338.jpg,0.0
638,1339.jpg,0.0
639,1340.jpg,0.0
640,1341.jpg,0.0
641,1342.jpg,0.0
642,1343.jpg,0.0
643,1344.jpg,0.0
644,1345.jpg,0.0
645,1346.jpg,0.0
646,1347.jpg,0.0
647,1348.jpg,0.0
648,1349.jpg,0.0
649,1350.jpg,0.0
650,1351.jpg,0.0
651,1352.jpg,0.0
652,1353.jpg,0.0
653,1354.jpg,0.0
654,1355.jpg,0.0
655,1356.jpg,0.0
656,1357.jpg,0.0
657,1358.jpg,-0.005157470703125
658,1359.jpg,-0.005157470703125
659,1360.jpg,0.0
660,1361.jpg,-0.005157470703125
661,1362.jpg,-0.005157470703125
662,1363.jpg,-0.005157470703125
663,1364.jpg,-0.005157470703125
664,1365.jpg,0.0
665,1366.jpg,0.0
666,1367.jpg,0.0
667,1368.jpg,0.0
668,1369.jpg,0.0
669,1370.jpg,0.0
670,1371.jpg,0.0
671,1372.jpg,0.0
672,1373.jpg,0.0
673,1374.jpg,0.0
674,1375.jpg,0.0
675,1376.jpg,0.0
676,1377.jpg,0.0
677,1378.jpg,0.0
678,1379.jpg,0.0
679,1380.jpg,0.0
680,1381.jpg,0.0
681,1382.jpg,0.0
682,1383.jpg,0.0
683,1384.jpg,0.231353759765625
684,1385.jpg,0.642669677734375
685,1386.jpg,0.647796630859375
686,1387.jpg,0.647796630859375
687,1388.jpg,0.647796630859375
688,1389.jpg,0.647796630859375
689,1390.jpg,0.781463623046875
690,1391.jpg,0.791748046875
691,1392.jpg,0.85345458984375
692,1393.jpg,0.868865966796875
693,1394.jpg,0.999969482421875
694,1395.jpg,0.999969482421875
695,1396.jpg,0.999969482421875
696,1397.jpg,0.999969482421875
697,1398.jpg,0.999969482421875
698,1399.jpg,0.999969482421875
699,1400.jpg,0.999969482421875
700,1401.jpg,0.999969482421875
701,1402.jpg,0.999969482421875
702,1403.jpg,0.999969482421875
703,1404.jpg,0.999969482421875
704,1405.jpg,0.999969482421875
705,1406.jpg,0.999969482421875
706,1407.jpg,0.999969482421875
707,1408.jpg,0.999969482421875
708,1409.jpg,0.999969482421875
709,1410.jpg,0.999969482421875
710,1411.jpg,0.999969482421875
711,1412.jpg,0.999969482421875
712,1413.jpg,0.999969482421875
713,1414.jpg,0.999969482421875
714,1415.jpg,0.999969482421875
715,1416.jpg,0.999969482421875
716,1417.jpg,0.999969482421875
717,1418.jpg,0.999969482421875
718,1419.jpg,0.999969482421875
719,1420.jpg,0.999969482421875
720,1421.jpg,0.974945068359375
721,1422.jpg,0.701995849609375
722,1423.jpg,0.30987548828125
723,1424.jpg,0.0
724,1425.jpg,0.0
725,1426.jpg,0.0
726,1427.jpg,0.0
727,1428.jpg,0.0
728,1429.jpg,0.0
729,1430.jpg,0.0
730,1431.jpg,0.0
731,1432.jpg,0.0
732,1433.jpg,0.0
733,1434.jpg,0.0
734,1435.jpg,0.0
735,1436.jpg,0.0
736,1437.jpg,0.0
737,1438.jpg,0.0
738,1439.jpg,0.0
739,1440.jpg,0.0
740,1441.jpg,0.0
741,1442.jpg,0.0
742,1443.jpg,0.0
743,1444.jpg,0.0
744,1445.jpg,0.0
745,1446.jpg,0.0
746,1447.jpg,0.0
747,1448.jpg,0.0
748,1449.jpg,0.0
749,1450.jpg,0.0
750,1451.jpg,0.0
751,1452.jpg,0.0
752,1453.jpg,0.0
753,1454.jpg,0.0
754,1455.jpg,0.0
755,1456.jpg,0.0
756,1457.jpg,0.0
757,1458.jpg,0.0
758,1459.jpg,0.0
759,1460.jpg,0.0
760,1461.jpg,0.0
761,1462.jpg,0.0
762,1463.jpg,0.0
763,1464.jpg,0.0
764,1465.jpg,0.0
765,1466.jpg,0.0
766,1467.jpg,0.0
767,1468.jpg,0.0
768,1469.jpg,0.0
769,1470.jpg,0.0
770,1471.jpg,0.0
771,1472.jpg,0.0
772,1473.jpg,0.0
773,1474.jpg,0.0
774,1475.jpg,0.0
775,1476.jpg,0.0
776,1477.jpg,0.0
777,1478.jpg,0.0
778,1479.jpg,0.0
779,1480.jpg,0.0
780,1481.jpg,0.0
781,1482.jpg,0.0
782,1483.jpg,0.0
783,1484.jpg,0.0
784,1485.jpg,0.0
785,1486.jpg,0.0
786,1487.jpg,0.0
787,1488.jpg,0.0
788,1489.jpg,0.0
789,1490.jpg,0.0
790,1491.jpg,0.0
791,1492.jpg,0.0
792,1493.jpg,0.0
793,1494.jpg,0.0
794,1495.jpg,0.0
795,1496.jpg,0.0
796,1497.jpg,0.0
797,1498.jpg,0.0
798,1499.jpg,0.0
799,1500.jpg,0.0
800,1501.jpg,0.0
801,1502.jpg,0.0
802,1503.jpg,0.0
803,1504.jpg,0.109649658203125
804,1505.jpg,0.107269287109375
805,1506.jpg,0.0
806,1507.jpg,-0.18511962890625
807,1508.jpg,-0.226226806640625
808,1509.jpg,-0.226226806640625
809,1510.jpg,0.0
810,1511.jpg,0.0
811,1512.jpg,0.179962158203125
812,1513.jpg,0.3074951171875
813,1514.jpg,0.3074951171875
814,1515.jpg,0.204986572265625
815,1516.jpg,0.0
816,1517.jpg,0.0
817,1518.jpg,0.0
818,1519.jpg,0.0
819,1520.jpg,0.0
820,1521.jpg,0.0
821,1522.jpg,0.0
822,1523.jpg,0.0
823,1524.jpg,0.0
824,1525.jpg,0.0
825,1526.jpg,0.0
826,1527.jpg,0.0
827,1528.jpg,0.0
828,1529.jpg,0.0
829,1530.jpg,-0.205657958984375
830,1531.jpg,-0.4267578125
831,1532.jpg,0.0
832,1533.jpg,0.0
833,1534.jpg,0.0
834,1535.jpg,0.0
835,1536.jpg,0.076263427734375
836,1537.jpg,0.25982666015625
837,1538.jpg,0.076263427734375
838,1539.jpg,0.0
839,1540.jpg,0.0
840,1541.jpg,-0.02056884765625
841,1542.jpg,-0.2159423828125
842,1543.jpg,0.0
843,1544.jpg,0.0
844,1545.jpg,0.0
845,1546.jpg,0.0
846,1547.jpg,0.0
847,1548.jpg,0.0
848,1549.jpg,0.0
849,1550.jpg,0.0
850,1551.jpg,0.0
851,1552.jpg,0.0
852,1553.jpg,0.0
853,1554.jpg,0.0
854,1555.jpg,0.0
855,1556.jpg,0.0
856,1557.jpg,0.0
857,1558.jpg,0.0
858,1559.jpg,0.0
859,1560.jpg,0.05718994140625
860,1561.jpg,0.071502685546875
861,1562.jpg,0.0
862,1563.jpg,0.0
863,1564.jpg,0.0
864,1565.jpg,0.0
865,1566.jpg,0.0
866,1567.jpg,0.0
867,1568.jpg,0.0
868,1569.jpg,-0.066864013671875
869,1570.jpg,-0.19537353515625
870,1571.jpg,-0.19537353515625
871,1572.jpg,0.0
872,1573.jpg,0.0
873,1574.jpg,0.0
874,1575.jpg,0.0
875,1576.jpg,0.0
876,1577.jpg,0.0
877,1578.jpg,0.0
878,1579.jpg,0.0
879,1580.jpg,0.0
880,1581.jpg,0.0
881,1582.jpg,0.0
882,1583.jpg,0.0
883,1584.jpg,0.0
884,1585.jpg,0.0
885,1586.jpg,0.0
886,1587.jpg,0.0
887,1588.jpg,0.0
888,1589.jpg,0.0
889,1590.jpg,0.0
890,1591.jpg,0.0
891,1592.jpg,0.0
892,1593.jpg,0.0
893,1594.jpg,0.0
894,1595.jpg,0.0
895,1596.jpg,0.026214599609375
896,1597.jpg,0.026214599609375
897,1598.jpg,0.026214599609375
898,1599.jpg,0.026214599609375
899,1600.jpg,0.026214599609375
900,1601.jpg,0.026214599609375
901,1602.jpg,0.026214599609375
902,1603.jpg,0.026214599609375
903,1604.jpg,0.026214599609375
904,1605.jpg,0.030975341796875
905,1606.jpg,0.03216552734375
906,1607.jpg,0.0452880859375
907,1608.jpg,0.0858154296875
908,1609.jpg,0.109649658203125
909,1610.jpg,0.152557373046875
910,1611.jpg,0.247894287109375
911,1612.jpg,0.255035400390625
912,1613.jpg,0.255035400390625
913,1614.jpg,0.255035400390625
914,1615.jpg,0.290802001953125
915,1616.jpg,0.331329345703125
916,1617.jpg,0.331329345703125
917,1618.jpg,0.353973388671875
918,1619.jpg,0.371856689453125
919,1620.jpg,0.374237060546875
920,1621.jpg,0.3885498046875
921,1622.jpg,0.39093017578125
922,1623.jpg,0.43621826171875
923,1624.jpg,0.43621826171875
924,1625.jpg,0.43621826171875
925,1626.jpg,0.43621826171875
926,1627.jpg,0.4385986328125
927,1628.jpg,0.4385986328125
928,1629.jpg,0.44097900390625
929,1630.jpg,0.48626708984375
930,1631.jpg,0.619781494140625
931,1632.jpg,0.74969482421875
932,1633.jpg,0.755645751953125
933,1634.jpg,0.760406494140625
934,1635.jpg,0.762786865234375
935,1636.jpg,0.762786865234375
936,1637.jpg,0.762786865234375
937,1638.jpg,0.762786865234375
938,1639.jpg,0.7818603515625
939,1640.jpg,0.846221923828125
940,1641.jpg,0.848602294921875
941,1642.jpg,0.850982666015625
942,1643.jpg,0.850982666015625
943,1644.jpg,0.850982666015625
944,1645.jpg,0.877227783203125
945,1646.jpg,0.99639892578125
946,1647.jpg,0.999969482421875
947,1648.jpg,0.999969482421875
948,1649.jpg,0.999969482421875
949,1650.jpg,0.999969482421875
950,1651.jpg,0.999969482421875
951,1652.jpg,0.3480224609375
952,1653.jpg,0.0
953,1654.jpg,0.0
954,1655.jpg,0.0
955,1656.jpg,0.0
956,1657.jpg,0.0
957,1658.jpg,0.0
958,1659.jpg,0.0
959,1660.jpg,-0.005157470703125
960,1661.jpg,-0.2108154296875
961,1662.jpg,-0.354766845703125
962,1663.jpg,-0.36505126953125
963,1664.jpg,-0.35992431640625
964,1665.jpg,-0.35992431640625
965,1666.jpg,-0.35992431640625
966,1667.jpg,-0.35992431640625
967,1668.jpg,-0.462738037109375
968,1669.jpg,-0.519287109375
969,1670.jpg,-0.519287109375
970,1671.jpg,-0.524444580078125
971,1672.jpg,-0.524444580078125
972,1673.jpg,-0.632415771484375
973,1674.jpg,-0.92547607421875
974,1675.jpg,-1.0
975,1676.jpg,-1.0
976,1677.jpg,-1.0
977,1678.jpg,-1.0
978,1679.jpg,-1.0
979,1680.jpg,-1.0
980,1681.jpg,-1.0
981,1682.jpg,-0.791778564453125
982,1683.jpg,-0.68896484375
983,1684.jpg,-0.437042236328125
984,1685.jpg,-0.395904541015625
985,1686.jpg,-0.401031494140625
986,1687.jpg,-0.3907470703125
987,1688.jpg,-0.293060302734375
988,1689.jpg,0.0
989,1690.jpg,0.0
990,1691.jpg,0.0
991,1692.jpg,0.0
992,1693.jpg,0.04290771484375
993,1694.jpg,0.10247802734375
994,1695.jpg,0.09771728515625
995,1696.jpg,0.0
996,1697.jpg,0.0
997,1698.jpg,0.0
998,1699.jpg,0.106048583984375
999,1700.jpg,0.193084716796875
1000,1701.jpg,0.0
1001,1702.jpg,0.0
1002,1703.jpg,0.0
1003,1704.jpg,0.0
1004,1705.jpg,0.0
1005,1706.jpg,0.0
1006,1707.jpg,0.0
1007,1708.jpg,0.0
1008,1709.jpg,0.0
1009,1710.jpg,0.0
1010,1711.jpg,0.0
1011,1712.jpg,0.0
1012,1713.jpg,0.0
1013,1714.jpg,0.0
1014,1715.jpg,0.0
1015,1716.jpg,0.0
1016,1717.jpg,0.0
1017,1718.jpg,0.0
1018,1719.jpg,0.0
1019,1720.jpg,0.0
1020,1721.jpg,0.0
1021,1722.jpg,0.0
1022,1723.jpg,0.0
1023,1724.jpg,0.0
1024,1725.jpg,0.0
1025,1726.jpg,0.0
1026,1727.jpg,0.0
1027,1728.jpg,0.0
1028,1729.jpg,0.0
1029,1730.jpg,0.0
1030,1731.jpg,0.0
1031,1732.jpg,0.0
1032,1733.jpg,0.0
1033,1734.jpg,0.0
1034,1735.jpg,0.0
1035,1736.jpg,0.0
1036,1737.jpg,0.0
1037,1738.jpg,0.0
1038,1739.jpg,0.0
1039,1740.jpg,0.0
1040,1741.jpg,0.0
1041,1742.jpg,0.0
1042,1743.jpg,0.0
1043,1744.jpg,0.0
1044,1745.jpg,0.0
1045,1746.jpg,0.0
1046,1747.jpg,0.0
1047,1748.jpg,-0.0411376953125
1048,1749.jpg,-0.336761474609375
1049,1750.jpg,-0.33935546875
1050,1751.jpg,-0.33935546875
1051,1752.jpg,-0.23651123046875
1052,1753.jpg,-0.1234130859375
1053,1754.jpg,-0.113128662109375
1054,1755.jpg,-0.118255615234375
1055,1756.jpg,-0.118255615234375
1056,1757.jpg,-0.118255615234375
1057,1758.jpg,-0.118255615234375
1058,1759.jpg,-0.0411376953125
1059,1760.jpg,0.0
1060,1761.jpg,0.0
1061,1762.jpg,0.0
1062,1763.jpg,0.0
1063,1764.jpg,0.0
1064,1765.jpg,0.0
1065,1766.jpg,0.0
1066,1767.jpg,0.0
1067,1768.jpg,0.0
1068,1769.jpg,0.0
1069,1770.jpg,0.0
1070,1771.jpg,-0.3856201171875
1071,1772.jpg,-0.41131591796875
1072,1773.jpg,-0.308502197265625
1073,1774.jpg,0.0
1074,1775.jpg,0.0
1075,1776.jpg,0.0
1076,1777.jpg,0.0
1077,1778.jpg,0.0
1078,1779.jpg,0.0
1079,1780.jpg,0.0
1080,1781.jpg,0.0
1081,1782.jpg,0.0
1082,1783.jpg,0.0
1083,1784.jpg,0.0142822265625
1084,1785.jpg,0.01666259765625
1085,1786.jpg,0.01904296875
1086,1787.jpg,0.01904296875
1087,1788.jpg,0.0
1088,1789.jpg,0.0
1089,1790.jpg,0.0
1090,1791.jpg,0.028594970703125
1091,1792.jpg,0.028594970703125
1092,1793.jpg,0.033355712890625
1093,1794.jpg,0.033355712890625
1094,1795.jpg,0.033355712890625
1095,1796.jpg,0.04290771484375
1096,1797.jpg,0.05242919921875
1097,1798.jpg,0.021453857421875
1098,1799.jpg,0.0
1099,1800.jpg,-0.205657958984375
1100,1801.jpg,-0.45245361328125
1101,1802.jpg,-0.45245361328125
1102,1803.jpg,-0.45245361328125
1103,1804.jpg,-0.2159423828125
1104,1805.jpg,0.0
1105,1806.jpg,0.0
1106,1807.jpg,0.0
1107,1808.jpg,0.050048828125
1108,1809.jpg,0.11798095703125
1109,1810.jpg,0.131103515625
1110,1811.jpg,0.131103515625
1111,1812.jpg,0.131103515625
1112,1813.jpg,0.131103515625
1113,1814.jpg,0.1358642578125
1114,1815.jpg,0.193084716796875
1115,1816.jpg,0.247894287109375
1116,1817.jpg,0.2764892578125
1117,1818.jpg,0.2764892578125
1118,1819.jpg,0.27410888671875
1119,1820.jpg,0.275299072265625
1120,1821.jpg,0.27410888671875
1121,1822.jpg,0.275299072265625
1122,1823.jpg,0.27410888671875
1123,1824.jpg,0.27410888671875
1124,1825.jpg,0.27410888671875
1125,1826.jpg,0.275299072265625
1126,1827.jpg,0.275299072265625
1127,1828.jpg,0.275299072265625
1128,1829.jpg,0.288421630859375
1129,1830.jpg,0.30987548828125
1130,1831.jpg,0.34326171875
1131,1832.jpg,0.35040283203125
1132,1833.jpg,0.35040283203125
1133,1834.jpg,0.352783203125
1134,1835.jpg,0.364715576171875
1135,1836.jpg,0.369476318359375
1136,1837.jpg,0.369476318359375
1137,1838.jpg,0.369476318359375
1138,1839.jpg,0.369476318359375
1139,1840.jpg,0.369476318359375
1140,1841.jpg,0.369476318359375
1141,1842.jpg,0.302734375
1142,1843.jpg,0.293182373046875
1143,1844.jpg,0.293182373046875
1144,1845.jpg,0.293182373046875
1145,1846.jpg,0.288421630859375
1146,1847.jpg,0.2574462890625
1147,1848.jpg,0.193084716796875
1148,1849.jpg,0.06793212890625
1149,1850.jpg,0.0142822265625
1150,1851.jpg,0.00714111328125
1151,1852.jpg,0.009521484375
1152,1853.jpg,0.009521484375
1153,1854.jpg,0.04766845703125
1154,1855.jpg,0.2169189453125
1155,1856.jpg,0.255035400390625
1156,1857.jpg,0.2764892578125
1157,1858.jpg,0.2764892578125
1158,1859.jpg,0.27410888671875
1159,1860.jpg,0.27410888671875
1160,1861.jpg,0.27410888671875
1161,1862.jpg,0.27410888671875
1162,1863.jpg,0.27410888671875
1163,1864.jpg,0.275299072265625
1164,1865.jpg,0.27410888671875
1165,1866.jpg,0.286041259765625
1166,1867.jpg,0.286041259765625
1167,1868.jpg,0.293182373046875
1168,1869.jpg,0.338470458984375
1169,1870.jpg,0.10247802734375
1170,1871.jpg,0.028594970703125
1171,1872.jpg,0.028594970703125
1172,1873.jpg,0.021453857421875
1173,1874.jpg,0.0
1174,1875.jpg,0.0
1175,1876.jpg,-0.16455078125
1176,1877.jpg,-0.431884765625
1177,1878.jpg,-0.606689453125
1178,1879.jpg,-0.606689453125
1179,1880.jpg,-0.699249267578125
1180,1881.jpg,-0.768646240234375
1181,1882.jpg,-0.79693603515625
1182,1883.jpg,-0.9537353515625
1183,1884.jpg,-1.0
1184,1885.jpg,-1.0
1185,1886.jpg,-1.0
1186,1887.jpg,-1.0
1187,1888.jpg,-1.0
1188,1889.jpg,-1.0
1189,1890.jpg,-0.591278076171875
1190,1891.jpg,-0.19024658203125
1191,1892.jpg,-0.1671142578125
1192,1893.jpg,-0.169677734375
1193,1894.jpg,-0.169677734375
1194,1895.jpg,-0.169677734375
1195,1896.jpg,-0.113128662109375
1196,1897.jpg,0.0
1197,1898.jpg,0.0
1198,1899.jpg,0.0
1199,1900.jpg,0.18829345703125
1200,1901.jpg,0.2764892578125
1201,1902.jpg,0.369476318359375
1202,1903.jpg,0.457672119140625
1203,1904.jpg,0.455291748046875
1204,1905.jpg,0.48388671875
1205,1906.jpg,0.676971435546875
1206,1907.jpg,0.374237060546875
1207,1908.jpg,0.0
1208,1909.jpg,-0.028289794921875
1209,1910.jpg,-0.53472900390625
1210,1911.jpg,-0.545013427734375
1211,1912.jpg,0.0
1212,1913.jpg,0.0
1213,1914.jpg,0.0
1214,1915.jpg,0.0
1215,1916.jpg,0.0
1216,1917.jpg,0.0
1217,1918.jpg,0.0
1218,1919.jpg,0.0
1219,1920.jpg,0.0
1220,1921.jpg,-0.19537353515625
1221,1922.jpg,-0.51416015625
1222,1923.jpg,-0.5552978515625
1223,1924.jpg,-0.5604248046875
1224,1925.jpg,-0.557861328125
1225,1926.jpg,-0.557861328125
1226,1927.jpg,-0.49871826171875
1227,1928.jpg,-0.442169189453125
1228,1929.jpg,-0.442169189453125
1229,1930.jpg,-0.442169189453125
1230,1931.jpg,-0.442169189453125
1231,1932.jpg,-0.442169189453125
1232,1933.jpg,-0.442169189453125
1233,1934.jpg,-0.442169189453125
1234,1935.jpg,-0.442169189453125
1235,1936.jpg,-0.442169189453125
1236,1937.jpg,-0.437042236328125
1237,1938.jpg,-0.431884765625
1238,1939.jpg,-0.421600341796875
1239,1940.jpg,-0.41131591796875
1240,1941.jpg,-0.401031494140625
1241,1942.jpg,-0.401031494140625
1242,1943.jpg,-0.401031494140625
1243,1944.jpg,-0.401031494140625
1244,1945.jpg,-0.395904541015625
1245,1946.jpg,-0.3907470703125
1246,1947.jpg,-0.3907470703125
1247,1948.jpg,-0.3907470703125
1248,1949.jpg,-0.3907470703125
1249,1950.jpg,-0.3907470703125
1250,1951.jpg,-0.3907470703125
1251,1952.jpg,-0.3907470703125
1252,1953.jpg,-0.3907470703125
1253,1954.jpg,-0.3804931640625
1254,1955.jpg,-0.370208740234375
1255,1956.jpg,-0.370208740234375
1256,1957.jpg,-0.35992431640625
1257,1958.jpg,-0.349639892578125
1258,1959.jpg,-0.33935546875
1259,1960.jpg,-0.313629150390625
1260,1961.jpg,-0.313629150390625
1261,1962.jpg,-0.287933349609375
1262,1963.jpg,-0.27764892578125
1263,1964.jpg,-0.251953125
1264,1965.jpg,-0.246795654296875
1265,1966.jpg,-0.23138427734375
1266,1967.jpg,-0.16455078125
1267,1968.jpg,0.0
1268,1969.jpg,0.0
1269,1970.jpg,0.0
1270,1971.jpg,0.0
1271,1972.jpg,0.0
1272,1973.jpg,0.0
1273,1974.jpg,0.0
1274,1975.jpg,0.0
1275,1976.jpg,0.0
1276,1977.jpg,0.0
1277,1978.jpg,0.0
1278,1979.jpg,0.0
1279,1980.jpg,0.0
1280,1981.jpg,0.0
1281,1982.jpg,0.0
1282,1983.jpg,0.0
1283,1984.jpg,0.01904296875
1284,1985.jpg,0.021453857421875
1285,1986.jpg,0.021453857421875
1286,1987.jpg,0.021453857421875
1287,1988.jpg,0.01904296875
1288,1989.jpg,0.0
1289,1990.jpg,0.0
1290,1991.jpg,0.0
1291,1992.jpg,0.0
1292,1993.jpg,0.0
1293,1994.jpg,0.0
1294,1995.jpg,0.0
1295,1996.jpg,0.0
1296,1997.jpg,0.0142822265625
1297,1998.jpg,0.119171142578125
1298,1999.jpg,0.144195556640625
1299,2000.jpg,0.14300537109375
1300,2001.jpg,0.14300537109375
1301,2002.jpg,0.14300537109375
1302,2003.jpg,0.14300537109375
1303,2004.jpg,0.14300537109375
1304,2005.jpg,0.14300537109375
1305,2006.jpg,0.14300537109375
1306,2007.jpg,0.14300537109375
1307,2008.jpg,0.14300537109375
1308,2009.jpg,0.14300537109375
1309,2010.jpg,0.14300537109375
1310,2011.jpg,0.14300537109375
1311,2012.jpg,0.14300537109375
1312,2013.jpg,0.22406005859375
1313,2014.jpg,0.3170166015625
1314,2015.jpg,0.333709716796875
1315,2016.jpg,0.333709716796875
1316,2017.jpg,0.33251953125
1317,2018.jpg,0.331329345703125
1318,2019.jpg,0.331329345703125
1319,2020.jpg,0.331329345703125
1320,2021.jpg,0.331329345703125
1321,2022.jpg,0.331329345703125
1322,2023.jpg,0.331329345703125
1323,2024.jpg,0.331329345703125
1324,2025.jpg,0.331329345703125
1325,2026.jpg,0.331329345703125
1326,2027.jpg,0.331329345703125
1327,2028.jpg,0.331329345703125
1328,2029.jpg,0.331329345703125
1329,2030.jpg,0.331329345703125
1330,2031.jpg,0.331329345703125
1331,2032.jpg,0.331329345703125
1332,2033.jpg,0.421905517578125
1333,2034.jpg,0.442169189453125
1334,2035.jpg,0.44097900390625
1335,2036.jpg,0.44097900390625
1336,2037.jpg,0.44097900390625
1337,2038.jpg,0.48388671875
1338,2039.jpg,0.796173095703125
1339,2040.jpg,0.81524658203125
1340,2041.jpg,0.81524658203125
1341,2042.jpg,0.81524658203125
1342,2043.jpg,0.81524658203125
1343,2044.jpg,0.796173095703125
1344,2045.jpg,0.6865234375
1345,2046.jpg,0.57208251953125
1346,2047.jpg,0.352783203125
1347,2048.jpg,0.30511474609375
1348,2049.jpg,0.30511474609375
1349,2050.jpg,0.30511474609375
1350,2051.jpg,0.30511474609375
1351,2052.jpg,0.30511474609375
1352,2053.jpg,0.30511474609375
1353,2054.jpg,0.30511474609375
1354,2055.jpg,0.255035400390625
1355,2056.jpg,0.255035400390625
1356,2057.jpg,0.255035400390625
1357,2058.jpg,0.255035400390625
1358,2059.jpg,0.255035400390625
1359,2060.jpg,0.31463623046875
1360,2061.jpg,0.321807861328125
1361,2062.jpg,0.331329345703125
1362,2063.jpg,0.369476318359375
1363,2064.jpg,0.369476318359375
1364,2065.jpg,0.369476318359375
1365,2066.jpg,0.3885498046875
1366,2067.jpg,0.419525146484375
1367,2068.jpg,0.419525146484375
1368,2069.jpg,0.39093017578125
1369,2070.jpg,0.373046875
1370,2071.jpg,0.514892578125
1371,2072.jpg,0.593536376953125
1372,2073.jpg,0.363525390625
1373,2074.jpg,0.0
1374,2075.jpg,0.0
1375,2076.jpg,-0.53985595703125
1376,2077.jpg,-1.0
1377,2078.jpg,-1.0
1378,2079.jpg,-1.0
1379,2080.jpg,-1.0
1380,2081.jpg,-1.0
1381,2082.jpg,-1.0
1382,2083.jpg,-1.0
1383,2084.jpg,-1.0
1384,2085.jpg,-1.0
1385,2086.jpg,-1.0
1386,2087.jpg,-1.0
1387,2088.jpg,-1.0
1388,2089.jpg,-1.0
1389,2090.jpg,-1.0
1390,2091.jpg,-1.0
1391,2092.jpg,-1.0
1392,2093.jpg,-1.0
1393,2094.jpg,-1.0
1394,2095.jpg,-1.0
1395,2096.jpg,-1.0
1396,2097.jpg,-1.0
1397,2098.jpg,-1.0
1398,2099.jpg,-1.0
1399,2100.jpg,-1.0
1400,2101.jpg,-1.0
1401,2102.jpg,-1.0
1402,2103.jpg,-1.0
1403,2104.jpg,-1.0
1404,2105.jpg,-1.0
1405,2106.jpg,-1.0
1406,2107.jpg,-1.0
1407,2108.jpg,-1.0
1408,2109.jpg,-1.0
1409,2110.jpg,-0.80133056640625
1410,2111.jpg,-0.6463623046875
1411,2112.jpg,-0.339080810546875
1412,2113.jpg,0.0
1413,2114.jpg,0.0
1414,2115.jpg,0.0
1415,2116.jpg,0.121551513671875
1416,2117.jpg,0.17877197265625
1417,2118.jpg,0.212127685546875
1418,2119.jpg,0.2669677734375
1419,2120.jpg,0.34326171875
1420,2121.jpg,0.48388671875
1421,2122.jpg,0.6102294921875
1422,2123.jpg,0.690093994140625
1423,2124.jpg,0.789031982421875
1424,2125.jpg,0.98687744140625
1425,2126.jpg,0.999969482421875
1426,2127.jpg,0.999969482421875
1427,2128.jpg,0.999969482421875
1428,2129.jpg,0.999969482421875
1429,2130.jpg,0.999969482421875
1430,2131.jpg,0.617401123046875
1431,2132.jpg,0.240753173828125
1432,2133.jpg,0.0
1433,2134.jpg,0.0
1434,2135.jpg,0.0
1435,2136.jpg,0.0
1436,2137.jpg,0.0
1437,2138.jpg,0.0
1438,2139.jpg,0.0
1439,2140.jpg,0.0
1440,2141.jpg,0.0
1441,2142.jpg,0.0
1442,2143.jpg,0.0
1443,2144.jpg,0.0
1444,2145.jpg,0.0
1445,2146.jpg,0.0
1446,2147.jpg,0.0
1447,2148.jpg,0.0
1448,2149.jpg,0.0
1449,2150.jpg,0.0
1450,2151.jpg,0.0
1451,2152.jpg,0.0
1452,2153.jpg,0.0
1453,2154.jpg,0.0
1454,2155.jpg,0.0
1455,2156.jpg,0.0
1456,2157.jpg,0.0
1457,2158.jpg,0.0
1458,2159.jpg,0.0
1459,2160.jpg,0.0
1460,2161.jpg,0.0
1461,2162.jpg,0.0
1462,2163.jpg,0.0
1463,2164.jpg,0.0
1464,2165.jpg,0.0
1465,2166.jpg,0.0
1466,2167.jpg,0.0
1467,2168.jpg,0.0
1468,2169.jpg,0.0
1469,2170.jpg,0.0
1470,2171.jpg,0.0
1471,2172.jpg,0.0
1472,2173.jpg,0.0
1473,2174.jpg,0.0
1474,2175.jpg,0.0
1475,2176.jpg,0.0
1476,2177.jpg,0.0
1477,2178.jpg,0.0
1478,2179.jpg,-0.00927734375
1479,2180.jpg,-0.02386474609375
1480,2181.jpg,-0.02386474609375
1481,2182.jpg,-0.02386474609375
1482,2183.jpg,-0.02386474609375
1483,2184.jpg,-0.021209716796875
1484,2185.jpg,-0.021209716796875
1485,2186.jpg,-0.021209716796875
1486,2187.jpg,-0.100677490234375
1487,2188.jpg,-0.1165771484375
1488,2189.jpg,-0.1165771484375
1489,2190.jpg,-0.1165771484375
1490,2191.jpg,-0.1165771484375
1491,2192.jpg,-0.1165771484375
1492,2193.jpg,-0.1165771484375
1493,2194.jpg,-0.1165771484375
1494,2195.jpg,-0.013275146484375
1495,2196.jpg,-0.015899658203125
1496,2197.jpg,-0.015899658203125
1497,2198.jpg,-0.015899658203125
1498,2199.jpg,-0.066253662109375
1499,2200.jpg,-0.08477783203125
1500,2201.jpg,-0.08477783203125
1501,2202.jpg,-0.08477783203125
1502,2203.jpg,-0.08477783203125
1503,2204.jpg,-0.08477783203125
1504,2205.jpg,-0.08477783203125
1505,2206.jpg,0.0
1506,2207.jpg,0.0
1507,2208.jpg,0.0
1508,2209.jpg,0.0
1509,2210.jpg,0.0
1510,2211.jpg,0.0
1511,2212.jpg,0.090576171875
1512,2213.jpg,0.171630859375
1513,2214.jpg,0.171630859375
1514,2215.jpg,0.0953369140625
1515,2216.jpg,0.0
1516,2217.jpg,0.0
1517,2218.jpg,0.0
1518,2219.jpg,0.0
1519,2220.jpg,0.0
1520,2221.jpg,0.0
1521,2222.jpg,0.0
1522,2223.jpg,0.0
1523,2224.jpg,0.0
1524,2225.jpg,0.0
1525,2226.jpg,0.0
1526,2227.jpg,0.0
1527,2228.jpg,0.0
1528,2229.jpg,0.0
1529,2230.jpg,0.0
1530,2231.jpg,0.0
1531,2232.jpg,0.081024169921875
1532,2233.jpg,0.081024169921875
1533,2234.jpg,0.081024169921875
1534,2235.jpg,0.081024169921875
1535,2236.jpg,0.081024169921875
1536,2237.jpg,0.081024169921875
1537,2238.jpg,0.123931884765625
1538,2239.jpg,0.159698486328125
1539,2240.jpg,0.159698486328125
1540,2241.jpg,0.159698486328125
1541,2242.jpg,0.157318115234375
1542,2243.jpg,0.18353271484375
1543,2244.jpg,0.235992431640625
1544,2245.jpg,0.30987548828125
1545,2246.jpg,0.3480224609375
1546,2247.jpg,0.3575439453125
1547,2248.jpg,0.3575439453125
1548,2249.jpg,0.3575439453125
1549,2250.jpg,0.35516357421875
1550,2251.jpg,0.35516357421875
1551,2252.jpg,0.35516357421875
1552,2253.jpg,0.3575439453125
1553,2254.jpg,0.364715576171875
1554,2255.jpg,0.369476318359375
1555,2256.jpg,0.369476318359375
1556,2257.jpg,0.369476318359375
1557,2258.jpg,0.369476318359375
1558,2259.jpg,0.376617431640625
1559,2260.jpg,0.410003662109375
1560,2261.jpg,0.410003662109375
1561,2262.jpg,0.410003662109375
1562,2263.jpg,0.410003662109375
1563,2264.jpg,0.410003662109375
1564,2265.jpg,0.410003662109375
1565,2266.jpg,0.410003662109375
1566,2267.jpg,0.410003662109375
1567,2268.jpg,0.410003662109375
1568,2269.jpg,0.410003662109375
1569,2270.jpg,0.410003662109375
1570,2271.jpg,0.410003662109375
1571,2272.jpg,0.410003662109375
1572,2273.jpg,0.410003662109375
1573,2274.jpg,0.410003662109375
1574,2275.jpg,0.410003662109375
1575,2276.jpg,0.410003662109375
1576,2277.jpg,0.410003662109375
1577,2278.jpg,0.410003662109375
1578,2279.jpg,0.410003662109375
1579,2280.jpg,0.410003662109375
1580,2281.jpg,0.410003662109375
1581,2282.jpg,0.410003662109375
1582,2283.jpg,0.410003662109375
1583,2284.jpg,0.410003662109375
1584,2285.jpg,0.410003662109375
1585,2286.jpg,0.410003662109375
1586,2287.jpg,0.410003662109375
1587,2288.jpg,0.410003662109375
1588,2289.jpg,0.410003662109375
1589,2290.jpg,0.410003662109375
1590,2291.jpg,0.410003662109375
1591,2292.jpg,0.410003662109375
1592,2293.jpg,0.410003662109375
1593,2294.jpg,0.410003662109375
1594,2295.jpg,0.410003662109375
1595,2296.jpg,0.410003662109375
1596,2297.jpg,0.410003662109375
1597,2298.jpg,0.410003662109375
1598,2299.jpg,0.410003662109375
1599,2300.jpg,0.410003662109375
1600,2301.jpg,0.410003662109375
1601,2302.jpg,0.410003662109375
1602,2303.jpg,0.410003662109375
1603,2304.jpg,0.410003662109375
1604,2305.jpg,0.410003662109375
1605,2306.jpg,0.417144775390625
1606,2307.jpg,0.4290771484375
1607,2308.jpg,0.460052490234375
1608,2309.jpg,0.462432861328125
1609,2310.jpg,0.462432861328125
1610,2311.jpg,0.48388671875
1611,2312.jpg,0.48626708984375
1612,2313.jpg,0.500579833984375
1613,2314.jpg,0.502960205078125
1614,2315.jpg,0.505340576171875
1615,2316.jpg,0.505340576171875
1616,2317.jpg,0.502960205078125
1617,2318.jpg,0.460052490234375
1618,2319.jpg,0.460052490234375
1619,2320.jpg,0.460052490234375
1620,2321.jpg,0.460052490234375
1621,2322.jpg,0.460052490234375
1622,2323.jpg,0.460052490234375
1623,2324.jpg,0.460052490234375
1624,2325.jpg,0.460052490234375
1625,2326.jpg,0.460052490234375
1626,2327.jpg,0.460052490234375
1627,2328.jpg,0.460052490234375
1628,2329.jpg,0.412384033203125
1629,2330.jpg,0.286041259765625
1630,2331.jpg,0.288421630859375
1631,2332.jpg,0.288421630859375
1632,2333.jpg,0.0
1633,2334.jpg,0.0
1634,2335.jpg,0.0
1635,2336.jpg,-0.05828857421875
1636,2337.jpg,-0.153656005859375
1637,2338.jpg,-0.283447265625
1638,2339.jpg,-0.29669189453125
1639,2340.jpg,-0.29669189453125
1640,2341.jpg,-0.29669189453125
1641,2342.jpg,-0.286102294921875
1642,2343.jpg,-0.26226806640625
1643,2344.jpg,-0.23046875
1644,2345.jpg,-0.225189208984375
1645,2346.jpg,-0.238433837890625
1646,2347.jpg,-0.259613037109375
1647,2348.jpg,-0.259613037109375
1648,2349.jpg,-0.2569580078125
1649,2350.jpg,-0.2569580078125
1650,2351.jpg,-0.2755126953125
1651,2352.jpg,-0.317901611328125
1652,2353.jpg,-0.331146240234375
1653,2354.jpg,-0.33380126953125
1654,2355.jpg,-0.423858642578125
1655,2356.jpg,-0.4530029296875
1656,2357.jpg,-0.490081787109375
1657,2358.jpg,-0.49273681640625
1658,2359.jpg,-0.508636474609375
1659,2360.jpg,-0.564239501953125
1660,2361.jpg,-0.564239501953125
1661,2362.jpg,-0.564239501953125
1662,2363.jpg,-0.574859619140625
1663,2364.jpg,-0.619873046875
1664,2365.jpg,-0.62518310546875
1665,2366.jpg,-0.62518310546875
1666,2367.jpg,-0.62518310546875
1667,2368.jpg,-0.62518310546875
1668,2369.jpg,-0.62518310546875
1669,2370.jpg,-0.6119384765625
1670,2371.jpg,-0.596038818359375
1671,2372.jpg,-0.596038818359375
1672,2373.jpg,-0.5933837890625
1673,2374.jpg,-0.532470703125
1674,2375.jpg,-0.511260986328125
1675,2376.jpg,-0.508636474609375
1676,2377.jpg,-0.508636474609375
1677,2378.jpg,-0.508636474609375
1678,2379.jpg,-0.508636474609375
1679,2380.jpg,-0.508636474609375
1680,2381.jpg,-0.508636474609375
1681,2382.jpg,-0.508636474609375
1682,2383.jpg,-0.508636474609375
1683,2384.jpg,-0.312591552734375
1684,2385.jpg,-0.22784423828125
1685,2386.jpg,-0.172210693359375
1686,2387.jpg,-0.1695556640625
1687,2388.jpg,-0.153656005859375
1688,2389.jpg,-0.037109375
1689,2390.jpg,0.0
1690,2391.jpg,0.0
1691,2392.jpg,0.0
1692,2393.jpg,0.0
1693,2394.jpg,0.0
1694,2395.jpg,0.0
1695,2396.jpg,0.08819580078125
1696,2397.jpg,0.14300537109375
1697,2398.jpg,0.171630859375
1698,2399.jpg,0.17877197265625
1699,2400.jpg,0.17877197265625
1700,2401.jpg,0.0
1701,2402.jpg,0.0
1702,2403.jpg,0.0
1703,2404.jpg,0.0
1704,2405.jpg,0.0
1705,2406.jpg,0.0
1706,2407.jpg,0.0
1707,2408.jpg,0.0
1708,2409.jpg,0.0
1709,2410.jpg,0.0
1710,2411.jpg,0.0
1711,2412.jpg,0.0
1712,2413.jpg,0.0
1713,2414.jpg,0.0
1714,2415.jpg,0.0
1715,2416.jpg,0.0
1716,2417.jpg,0.0
1717,2418.jpg,0.0
1718,2419.jpg,0.0
1719,2420.jpg,0.0
1720,2421.jpg,0.0
1721,2422.jpg,0.0
1722,2423.jpg,0.0
1723,2424.jpg,0.0
1724,2425.jpg,0.0
1725,2426.jpg,0.0
1726,2427.jpg,0.0
1727,2428.jpg,0.0
1728,2429.jpg,0.0
1729,2430.jpg,0.0
1730,2431.jpg,0.0
1731,2432.jpg,0.0
1732,2433.jpg,0.0
1733,2434.jpg,0.0
1734,2435.jpg,0.0
1735,2436.jpg,0.0
1736,2437.jpg,0.0
1737,2438.jpg,0.0
1738,2439.jpg,0.0
1739,2440.jpg,0.0
1740,2441.jpg,-0.051666259765625
1741,2442.jpg,-0.100677490234375
1742,2443.jpg,-0.100677490234375
1743,2444.jpg,-0.105987548828125
1744,2445.jpg,-0.105987548828125
1745,2446.jpg,-0.105987548828125
1746,2447.jpg,-0.105987548828125
1747,2448.jpg,-0.1165771484375
1748,2449.jpg,-0.1165771484375
1749,2450.jpg,-0.1695556640625
1750,2451.jpg,-0.206634521484375
1751,2452.jpg,-0.22784423828125
1752,2453.jpg,-0.24505615234375
1753,2454.jpg,-0.255645751953125
1754,2455.jpg,-0.259613037109375
1755,2456.jpg,-0.27020263671875
1756,2457.jpg,-0.34967041015625
1757,2458.jpg,-0.405303955078125
1758,2459.jpg,-0.405303955078125
1759,2460.jpg,-0.405303955078125
1760,2461.jpg,-0.405303955078125
1761,2462.jpg,-0.405303955078125
1762,2463.jpg,-0.405303955078125
1763,2464.jpg,-0.405303955078125
1764,2465.jpg,-0.405303955078125
1765,2466.jpg,-0.431793212890625
1766,2467.jpg,-0.450347900390625
1767,2468.jpg,-0.450347900390625
1768,2469.jpg,-0.450347900390625
1769,2470.jpg,-0.450347900390625
1770,2471.jpg,-0.450347900390625
1771,2472.jpg,-0.450347900390625
1772,2473.jpg,-0.450347900390625
1773,2474.jpg,-0.450347900390625
1774,2475.jpg,-0.450347900390625
1775,2476.jpg,-0.450347900390625
1776,2477.jpg,-0.450347900390625
1777,2478.jpg,-0.450347900390625
1778,2479.jpg,-0.450347900390625
1779,2480.jpg,-0.450347900390625
1780,2481.jpg,-0.450347900390625
1781,2482.jpg,-0.450347900390625
1782,2483.jpg,-0.450347900390625
1783,2484.jpg,-0.450347900390625
1784,2485.jpg,-0.450347900390625
1785,2486.jpg,-0.450347900390625
1786,2487.jpg,-0.450347900390625
1787,2488.jpg,-0.450347900390625
1788,2489.jpg,-0.450347900390625
1789,2490.jpg,-0.450347900390625
1790,2491.jpg,-0.450347900390625
1791,2492.jpg,-0.450347900390625
1792,2493.jpg,-0.450347900390625
1793,2494.jpg,-0.450347900390625
1794,2495.jpg,-0.450347900390625
1795,2496.jpg,-0.450347900390625
1796,2497.jpg,-0.450347900390625
1797,2498.jpg,-0.450347900390625
1798,2499.jpg,-0.450347900390625
1799,2500.jpg,-0.472869873046875
1800,2501.jpg,-0.476837158203125
1801,2502.jpg,-0.513916015625
1802,2503.jpg,-0.516571044921875
1803,2504.jpg,-0.51788330078125
1804,2505.jpg,-0.51788330078125
1805,2506.jpg,-0.51788330078125
1806,2507.jpg,-0.51788330078125
1807,2508.jpg,-0.51788330078125
1808,2509.jpg,-0.51788330078125
1809,2510.jpg,-0.51788330078125
1810,2511.jpg,-0.51922607421875
1811,2512.jpg,-0.550994873046875
1812,2513.jpg,-0.556304931640625
1813,2514.jpg,-0.556304931640625
1814,2515.jpg,-0.556304931640625
1815,2516.jpg,-0.55499267578125
1816,2517.jpg,-0.556304931640625
1817,2518.jpg,-0.556304931640625
1818,2519.jpg,-0.55364990234375
1819,2520.jpg,-0.55364990234375
1820,2521.jpg,-0.55364990234375
1821,2522.jpg,-0.55364990234375
1822,2523.jpg,-0.55364990234375
1823,2524.jpg,-0.55364990234375
1824,2525.jpg,-0.55364990234375
1825,2526.jpg,-0.55364990234375
1826,2527.jpg,-0.55364990234375
1827,2528.jpg,-0.55364990234375
1828,2529.jpg,-0.638427734375
1829,2530.jpg,-0.6556396484375
1830,2531.jpg,-0.6556396484375
1831,2532.jpg,-0.6556396484375
1832,2533.jpg,-0.6556396484375
1833,2534.jpg,-0.6556396484375
1834,2535.jpg,-0.6556396484375
1835,2536.jpg,-0.6556396484375
1836,2537.jpg,-0.6556396484375
1837,2538.jpg,-0.6556396484375
1838,2539.jpg,-0.6556396484375
1839,2540.jpg,-0.6556396484375
1840,2541.jpg,-0.6556396484375
1841,2542.jpg,-0.6556396484375
1842,2543.jpg,-0.6556396484375
1843,2544.jpg,-0.6556396484375
1844,2545.jpg,-0.6556396484375
1845,2546.jpg,-0.6556396484375
1846,2547.jpg,-0.6556396484375
1847,2548.jpg,-0.6556396484375
1848,2549.jpg,-0.656982421875
1849,2550.jpg,-0.656982421875
1850,2551.jpg,-0.656982421875
1851,2552.jpg,-0.656982421875
1852,2553.jpg,-0.656982421875
1853,2554.jpg,-0.656982421875
1854,2555.jpg,-0.656982421875
1855,2556.jpg,-0.656982421875
1856,2557.jpg,-0.656982421875
1857,2558.jpg,-0.57220458984375
1858,2559.jpg,-0.317901611328125
1859,2560.jpg,-0.021209716796875
1860,2561.jpg,0.0
1861,2562.jpg,0.0
1862,2563.jpg,0.0
1863,2564.jpg,0.0
1864,2565.jpg,0.0
1865,2566.jpg,0.0
1866,2567.jpg,0.0
1867,2568.jpg,0.0
1868,2569.jpg,0.0
1869,2570.jpg,0.0
1870,2571.jpg,-0.047698974609375
1871,2572.jpg,-0.1510009765625
1872,2573.jpg,-0.2039794921875
1873,2574.jpg,-0.2039794921875
1874,2575.jpg,-0.2039794921875
1875,2576.jpg,-0.1165771484375
1876,2577.jpg,0.0
1877,2578.jpg,0.0
1878,2579.jpg,0.0
1879,2580.jpg,0.0
1880,2581.jpg,0.0
1881,2582.jpg,0.0
1882,2583.jpg,0.03216552734375
1883,2584.jpg,0.05718994140625
1884,2585.jpg,0.0
1885,2586.jpg,0.0
1886,2587.jpg,0.0
1887,2588.jpg,0.0
1888,2589.jpg,0.0
1889,2590.jpg,0.0
1890,2591.jpg,0.0
1891,2592.jpg,0.0
1892,2593.jpg,0.0
1893,2594.jpg,0.0
1894,2595.jpg,0.0
1895,2596.jpg,0.0
1896,2597.jpg,0.0
1897,2598.jpg,0.0
1898,2599.jpg,0.0
1899,2600.jpg,0.0
1900,2601.jpg,0.0
1901,2602.jpg,0.0
1902,2603.jpg,0.0
1903,2604.jpg,0.0
1904,2605.jpg,0.0
1905,2606.jpg,0.0
1906,2607.jpg,0.0
1907,2608.jpg,0.0
1908,2609.jpg,0.0
1909,2610.jpg,0.0
1910,2611.jpg,0.0
1911,2612.jpg,0.0
1912,2613.jpg,0.0
1913,2614.jpg,0.0
1914,2615.jpg,0.0
1915,2616.jpg,0.0
1916,2617.jpg,0.0
1917,2618.jpg,0.0
1918,2619.jpg,0.0
1919,2620.jpg,0.0
1920,2621.jpg,0.0
1921,2622.jpg,0.0
1922,2623.jpg,0.0
1923,2624.jpg,0.0
1924,2625.jpg,0.0
1925,2626.jpg,0.0
1926,2627.jpg,0.0
1927,2628.jpg,0.0
1928,2629.jpg,0.0
1929,2630.jpg,0.0
1930,2631.jpg,0.0
1931,2632.jpg,0.0
1932,2633.jpg,0.0
1933,2634.jpg,0.0
1934,2635.jpg,0.0
1935,2636.jpg,0.0
1936,2637.jpg,0.0
1937,2638.jpg,0.0
1938,2639.jpg,0.0
1939,2640.jpg,0.0
1940,2641.jpg,0.0
1941,2642.jpg,0.0
1942,2643.jpg,0.0
1943,2644.jpg,0.0
1944,2645.jpg,0.0
1945,2646.jpg,0.0
1946,2647.jpg,0.0
1947,2648.jpg,0.0
1948,2649.jpg,0.0
1949,2650.jpg,0.0
1950,2651.jpg,0.0
1951,2652.jpg,0.0
1952,2653.jpg,0.0
1953,2654.jpg,0.0
1954,2655.jpg,0.0
1955,2656.jpg,0.030975341796875
1956,2657.jpg,0.030975341796875
1957,2658.jpg,0.030975341796875
1958,2659.jpg,0.030975341796875
1959,2660.jpg,0.030975341796875
1960,2661.jpg,0.030975341796875
1961,2662.jpg,0.030975341796875
1962,2663.jpg,0.030975341796875
1963,2664.jpg,0.090576171875
1964,2665.jpg,0.245513916015625
1965,2666.jpg,0.261016845703125
1966,2667.jpg,0.3170166015625
1967,2668.jpg,0.393310546875
1968,2669.jpg,0.44097900390625
1969,2670.jpg,0.457672119140625
1970,2671.jpg,0.507720947265625
1971,2672.jpg,0.545867919921875
1972,2673.jpg,0.586395263671875
1973,2674.jpg,0.619781494140625
1974,2675.jpg,0.617401123046875
1975,2676.jpg,0.61859130859375
1976,2677.jpg,0.617401123046875
1977,2678.jpg,0.619781494140625
1978,2679.jpg,0.707977294921875
1979,2680.jpg,0.73895263671875
1980,2681.jpg,0.73895263671875
1981,2682.jpg,0.73895263671875
1982,2683.jpg,0.73895263671875
1983,2684.jpg,0.73895263671875
1984,2685.jpg,0.692474365234375
1985,2686.jpg,0.696044921875
1986,2687.jpg,0.696044921875
1987,2688.jpg,0.696044921875
1988,2689.jpg,0.696044921875
1989,2690.jpg,0.622161865234375
1990,2691.jpg,0.419525146484375
1991,2692.jpg,0.3480224609375
1992,2693.jpg,0.303924560546875
1993,2694.jpg,0.3575439453125
1994,2695.jpg,0.417144775390625
1995,2696.jpg,0.421905517578125
1996,2697.jpg,0.421905517578125
1997,2698.jpg,0.421905517578125
1998,2699.jpg,0.421905517578125
1999,2700.jpg,0.43145751953125
2000,2701.jpg,0.452911376953125
2001,2702.jpg,0.460052490234375
2002,2703.jpg,0.491058349609375
2003,2704.jpg,0.5494384765625
2004,2705.jpg,0.581634521484375
2005,2706.jpg,0.581634521484375
2006,2707.jpg,0.581634521484375
2007,2708.jpg,0.581634521484375
2008,2709.jpg,0.581634521484375
2009,2710.jpg,0.579254150390625
2010,2711.jpg,0.579254150390625
2011,2712.jpg,0.576873779296875
2012,2713.jpg,0.576873779296875
2013,2714.jpg,0.576873779296875
2014,2715.jpg,0.576873779296875
2015,2716.jpg,0.576873779296875
2016,2717.jpg,0.576873779296875
2017,2718.jpg,0.576873779296875
2018,2719.jpg,0.57208251953125
2019,2720.jpg,0.52203369140625
2020,2721.jpg,0.52203369140625
2021,2722.jpg,0.52203369140625
2022,2723.jpg,0.52203369140625
2023,2724.jpg,0.52203369140625
2024,2725.jpg,0.52203369140625
2025,2726.jpg,0.510101318359375
2026,2727.jpg,0.495819091796875
2027,2728.jpg,0.48388671875
2028,2729.jpg,0.48388671875
2029,2730.jpg,0.48388671875
2030,2731.jpg,0.48388671875
2031,2732.jpg,0.48388671875
2032,2733.jpg,0.48388671875
2033,2734.jpg,0.448150634765625
2034,2735.jpg,0.412384033203125
2035,2736.jpg,0.407623291015625
2036,2737.jpg,0.40045166015625
2037,2738.jpg,0.40045166015625
2038,2739.jpg,0.40045166015625
2039,2740.jpg,0.40045166015625
2040,2741.jpg,0.40045166015625
2041,2742.jpg,0.40045166015625
2042,2743.jpg,0.40045166015625
2043,2744.jpg,0.40045166015625
2044,2745.jpg,0.40045166015625
2045,2746.jpg,0.39569091796875
2046,2747.jpg,0.396881103515625
2047,2748.jpg,0.399261474609375
2048,2749.jpg,0.40045166015625
2049,2750.jpg,0.40045166015625
2050,2751.jpg,0.40045166015625
2051,2752.jpg,0.40045166015625
2052,2753.jpg,0.40045166015625
2053,2754.jpg,0.40045166015625
2054,2755.jpg,0.40045166015625
2055,2756.jpg,0.40045166015625
2056,2757.jpg,0.40045166015625
2057,2758.jpg,0.40045166015625
2058,2759.jpg,0.40045166015625
2059,2760.jpg,0.40045166015625
2060,2761.jpg,0.40045166015625
2061,2762.jpg,0.40045166015625
2062,2763.jpg,0.40045166015625
2063,2764.jpg,0.40045166015625
2064,2765.jpg,0.40045166015625
2065,2766.jpg,0.40045166015625
2066,2767.jpg,0.40045166015625
2067,2768.jpg,0.40045166015625
2068,2769.jpg,0.40045166015625
2069,2770.jpg,0.40045166015625
2070,2771.jpg,0.40045166015625
2071,2772.jpg,0.40045166015625
2072,2773.jpg,0.40045166015625
2073,2774.jpg,0.40045166015625
2074,2775.jpg,0.40045166015625
2075,2776.jpg,0.3837890625
2076,2777.jpg,0.378997802734375
2077,2778.jpg,0.34326171875
2078,2779.jpg,0.2979736328125
2079,2780.jpg,0.2764892578125
2080,2781.jpg,0.26934814453125
2081,2782.jpg,0.243133544921875
2082,2783.jpg,0.17877197265625
2083,2784.jpg,0.159698486328125
2084,2785.jpg,0.126312255859375
2085,2786.jpg,0.0858154296875
2086,2787.jpg,0.08221435546875
2087,2788.jpg,0.0595703125
2088,2789.jpg,0.0
2089,2790.jpg,0.0
2090,2791.jpg,0.0
2091,2792.jpg,0.0
2092,2793.jpg,0.0
2093,2794.jpg,0.0
2094,2795.jpg,0.0
2095,2796.jpg,0.0
2096,2797.jpg,0.0
2097,2798.jpg,0.0
2098,2799.jpg,0.0
2099,2800.jpg,0.0
2100,2801.jpg,0.0
2101,2802.jpg,0.0
2102,2803.jpg,0.0
2103,2804.jpg,0.0
2104,2805.jpg,0.0
2105,2806.jpg,0.0
2106,2807.jpg,0.0
2107,2808.jpg,0.0
2108,2809.jpg,0.0
2109,2810.jpg,0.0
2110,2811.jpg,0.0
2111,2812.jpg,0.0
2112,2813.jpg,0.0
2113,2814.jpg,0.0
2114,2815.jpg,0.0
2115,2816.jpg,0.0
2116,2817.jpg,0.0
2117,2818.jpg,0.0
2118,2819.jpg,0.0
2119,2820.jpg,0.0
2120,2821.jpg,0.0
2121,2822.jpg,0.0
2122,2823.jpg,0.0
2123,2824.jpg,0.0
2124,2825.jpg,0.0
2125,2826.jpg,0.0
2126,2827.jpg,0.0
2127,2828.jpg,0.0
2128,2829.jpg,0.0
2129,2830.jpg,0.0
2130,2831.jpg,0.0
2131,2832.jpg,0.0
2132,2833.jpg,0.0
2133,2834.jpg,0.0
2134,2835.jpg,0.0
2135,2836.jpg,0.0
2136,2837.jpg,0.0
2137,2838.jpg,0.0
2138,2839.jpg,0.0
2139,2840.jpg,0.0
2140,2841.jpg,0.0
2141,2842.jpg,0.0
2142,2843.jpg,0.0
2143,2844.jpg,0.0
2144,2845.jpg,0.0
2145,2846.jpg,0.0
2146,2847.jpg,0.0
2147,2848.jpg,0.0
2148,2849.jpg,0.0
2149,2850.jpg,0.0
2150,2851.jpg,0.0
2151,2852.jpg,0.0
2152,2853.jpg,0.0
2153,2854.jpg,0.0
2154,2855.jpg,0.0
2155,2856.jpg,0.0
2156,2857.jpg,0.0
2157,2858.jpg,0.0
2158,2859.jpg,0.0
2159,2860.jpg,0.0
2160,2861.jpg,0.0
2161,2862.jpg,0.0
2162,2863.jpg,0.0
2163,2864.jpg,0.0
2164,2865.jpg,0.0
2165,2866.jpg,0.0
2166,2867.jpg,0.0
2167,2868.jpg,0.0
2168,2869.jpg,0.0
2169,2870.jpg,0.0
2170,2871.jpg,0.0
2171,2872.jpg,0.0
2172,2873.jpg,0.0
2173,2874.jpg,0.0
2174,2875.jpg,0.0
2175,2876.jpg,0.0
2176,2877.jpg,-0.037109375
2177,2878.jpg,-0.053009033203125
2178,2879.jpg,-0.053009033203125
2179,2880.jpg,-0.053009033203125
2180,2881.jpg,-0.053009033203125
2181,2882.jpg,-0.053009033203125
2182,2883.jpg,-0.0543212890625
2183,2884.jpg,-0.053009033203125
2184,2885.jpg,-0.055633544921875
2185,2886.jpg,-0.08477783203125
2186,2887.jpg,-0.174835205078125
2187,2888.jpg,-0.19073486328125
2188,2889.jpg,-0.20135498046875
2189,2890.jpg,-0.2039794921875
2190,2891.jpg,-0.2039794921875
2191,2892.jpg,-0.2225341796875
2192,2893.jpg,-0.259613037109375
2193,2894.jpg,-0.267578125
2194,2895.jpg,-0.27020263671875
2195,2896.jpg,-0.2755126953125
2196,2897.jpg,-0.278167724609375
2197,2898.jpg,-0.28082275390625
2198,2899.jpg,-0.28082275390625
2199,2900.jpg,-0.28082275390625
2200,2901.jpg,-0.283447265625
2201,2902.jpg,-0.283447265625
2202,2903.jpg,-0.283447265625
2203,2904.jpg,-0.283447265625
2204,2905.jpg,-0.291412353515625
2205,2906.jpg,-0.31524658203125
2206,2907.jpg,-0.325836181640625
2207,2908.jpg,-0.33380126953125
2208,2909.jpg,-0.33642578125
2209,2910.jpg,-0.339080810546875
2210,2911.jpg,-0.34173583984375
2211,2912.jpg,-0.3470458984375
2212,2913.jpg,-0.34967041015625
2213,2914.jpg,-0.402679443359375
2214,2915.jpg,-0.405303955078125
2215,2916.jpg,-0.405303955078125
2216,2917.jpg,-0.405303955078125
2217,2918.jpg,-0.405303955078125
2218,2919.jpg,-0.405303955078125
2219,2920.jpg,-0.405303955078125
2220,2921.jpg,-0.405303955078125
2221,2922.jpg,-0.405303955078125
2222,2923.jpg,-0.405303955078125
2223,2924.jpg,-0.405303955078125
2224,2925.jpg,-0.405303955078125
2225,2926.jpg,-0.405303955078125
2226,2927.jpg,-0.405303955078125
2227,2928.jpg,-0.405303955078125
2228,2929.jpg,-0.405303955078125
2229,2930.jpg,-0.405303955078125
2230,2931.jpg,-0.405303955078125
2231,2932.jpg,-0.405303955078125
2232,2933.jpg,-0.259613037109375
2233,2934.jpg,-0.13775634765625
2234,2935.jpg,0.0
2235,2936.jpg,0.0
2236,2937.jpg,0.0
2237,2938.jpg,0.0
2238,2939.jpg,0.0
2239,2940.jpg,0.0
2240,2941.jpg,0.0
2241,2942.jpg,0.0
2242,2943.jpg,0.0
2243,2944.jpg,0.0
2244,2945.jpg,0.0
2245,2946.jpg,0.0
2246,2947.jpg,0.0
2247,2948.jpg,0.0
2248,2949.jpg,0.0
2249,2950.jpg,0.0
2250,2951.jpg,0.0
2251,2952.jpg,-0.0106201171875
2252,2953.jpg,-0.0106201171875
2253,2954.jpg,-0.0106201171875
2254,2955.jpg,0.0
2255,2956.jpg,0.0
2256,2957.jpg,0.0
2257,2958.jpg,0.0
2258,2959.jpg,0.0
2259,2960.jpg,0.0
2260,2961.jpg,0.0
2261,2962.jpg,0.0
2262,2963.jpg,0.0
2263,2964.jpg,0.0
2264,2965.jpg,0.0
2265,2966.jpg,0.0
2266,2967.jpg,0.0
2267,2968.jpg,0.0
2268,2969.jpg,0.0
2269,2970.jpg,0.0
2270,2971.jpg,0.0
2271,2972.jpg,0.0
2272,2973.jpg,0.0
2273,2974.jpg,0.0
2274,2975.jpg,0.0
2275,2976.jpg,0.0
2276,2977.jpg,0.0
2277,2978.jpg,0.0
2278,2979.jpg,0.0
2279,2980.jpg,0.0
2280,2981.jpg,0.0
2281,2982.jpg,0.0
2282,2983.jpg,0.0
2283,2984.jpg,0.0
2284,2985.jpg,0.0
2285,2986.jpg,0.0
2286,2987.jpg,0.0
2287,2988.jpg,0.0
2288,2989.jpg,0.0
2289,2990.jpg,0.0
2290,2991.jpg,0.01666259765625
2291,2992.jpg,0.01904296875
2292,2993.jpg,0.021453857421875
2293,2994.jpg,0.039306640625
2294,2995.jpg,0.050048828125
2295,2996.jpg,0.05242919921875
2296,2997.jpg,0.050048828125
2297,2998.jpg,0.050048828125
2298,2999.jpg,0.0
2299,3000.jpg,0.0
2300,3001.jpg,0.0
2301,3002.jpg,0.0
2302,3003.jpg,0.0
2303,3004.jpg,0.0
2304,3005.jpg,0.0
2305,3006.jpg,0.0
2306,3007.jpg,0.0
2307,3008.jpg,0.0
2308,3009.jpg,0.01190185546875
2309,3010.jpg,0.040496826171875
2310,3011.jpg,0.14300537109375
2311,3012.jpg,0.159698486328125
2312,3013.jpg,0.159698486328125
2313,3014.jpg,0.2169189453125
2314,3015.jpg,0.278900146484375
2315,3016.jpg,0.31463623046875
2316,3017.jpg,0.3170166015625
2317,3018.jpg,0.315826416015625
2318,3019.jpg,0.364715576171875
2319,3020.jpg,0.38616943359375
2320,3021.jpg,0.38616943359375
2321,3022.jpg,0.387359619140625
2322,3023.jpg,0.407623291015625
2323,3024.jpg,0.407623291015625
2324,3025.jpg,0.4088134765625
2325,3026.jpg,0.410003662109375
2326,3027.jpg,0.410003662109375
2327,3028.jpg,0.427886962890625
2328,3029.jpg,0.491058349609375
2329,3030.jpg,0.500579833984375
2330,3031.jpg,0.500579833984375
2331,3032.jpg,0.500579833984375
2332,3033.jpg,0.500579833984375
2333,3034.jpg,0.500579833984375
2334,3035.jpg,0.396881103515625
2335,3036.jpg,0.393310546875
2336,3037.jpg,0.393310546875
2337,3038.jpg,0.393310546875
2338,3039.jpg,0.393310546875
2339,3040.jpg,0.364715576171875
2340,3041.jpg,0.22406005859375
2341,3042.jpg,0.109649658203125
2342,3043.jpg,0.0
2343,3044.jpg,0.0
2344,3045.jpg,0.0
2345,3046.jpg,0.0
2346,3047.jpg,0.0
2347,3048.jpg,0.0
2348,3049.jpg,0.0
2349,3050.jpg,0.0
2350,3051.jpg,0.0
2351,3052.jpg,0.0
2352,3053.jpg,0.0
2353,3054.jpg,0.0
2354,3055.jpg,0.0
2355,3056.jpg,0.0
2356,3057.jpg,0.0
2357,3058.jpg,0.0
2358,3059.jpg,0.0
2359,3060.jpg,0.0
2360,3061.jpg,0.0
2361,3062.jpg,0.0
2362,3063.jpg,0.0
2363,3064.jpg,0.0
2364,3065.jpg,0.0
2365,3066.jpg,0.0
2366,3067.jpg,0.0
2367,3068.jpg,0.0
2368,3069.jpg,0.0
2369,3070.jpg,0.0
2370,3071.jpg,0.0
2371,3072.jpg,0.0
2372,3073.jpg,0.0
2373,3074.jpg,0.0
2374,3075.jpg,0.0
2375,3076.jpg,0.0
2376,3077.jpg,0.0
2377,3078.jpg,0.0
2378,3079.jpg,0.0
2379,3080.jpg,0.0
2380,3081.jpg,0.0
2381,3082.jpg,0.0
2382,3083.jpg,0.0
2383,3084.jpg,0.0
2384,3085.jpg,0.0
2385,3086.jpg,0.0
2386,3087.jpg,0.0
2387,3088.jpg,0.0
2388,3089.jpg,0.0
2389,3090.jpg,0.0
2390,3091.jpg,0.0
2391,3092.jpg,0.0
2392,3093.jpg,0.0
2393,3094.jpg,0.0
2394,3095.jpg,0.0
2395,3096.jpg,-0.0450439453125
2396,3097.jpg,-0.047698974609375
2397,3098.jpg,-0.0450439453125
2398,3099.jpg,-0.0450439453125
2399,3100.jpg,-0.0450439453125
2400,3101.jpg,-0.0450439453125
2401,3102.jpg,-0.0450439453125
2402,3103.jpg,-0.0450439453125
2403,3104.jpg,-0.180145263671875
2404,3105.jpg,-0.21722412109375
2405,3106.jpg,-0.21722412109375
2406,3107.jpg,-0.21722412109375
2407,3108.jpg,-0.21722412109375
2408,3109.jpg,-0.28082275390625
2409,3110.jpg,-0.320556640625
2410,3111.jpg,-0.374847412109375
2411,3112.jpg,-0.46624755859375
2412,3113.jpg,-0.490081787109375
2413,3114.jpg,-0.508636474609375
2414,3115.jpg,-0.569549560546875
2415,3116.jpg,-0.649017333984375
2416,3117.jpg,-0.805328369140625
2417,3118.jpg,-0.964263916015625
2418,3119.jpg,-0.974853515625
2419,3120.jpg,-0.974853515625
2420,3121.jpg,-0.974853515625
2421,3122.jpg,-0.974853515625
2422,3123.jpg,-0.83709716796875
2423,3124.jpg,-0.79736328125
2424,3125.jpg,-0.786773681640625
2425,3126.jpg,-0.7894287109375
2426,3127.jpg,-0.7894287109375
2427,3128.jpg,-0.7894287109375
2428,3129.jpg,-0.7894287109375
2429,3130.jpg,-0.7894287109375
2430,3131.jpg,-0.7894287109375
2431,3132.jpg,-0.7894287109375
2432,3133.jpg,-0.658294677734375
2433,3134.jpg,-0.57220458984375
2434,3135.jpg,-0.3284912109375
2435,3136.jpg,-0.325836181640625
2436,3137.jpg,-0.325836181640625
2437,3138.jpg,-0.3284912109375
2438,3139.jpg,-0.29669189453125
2439,3140.jpg,-0.3284912109375
2440,3141.jpg,-0.455657958984375
2441,3142.jpg,-0.468902587890625
2442,3143.jpg,-0.468902587890625
2443,3144.jpg,-0.468902587890625
2444,3145.jpg,-0.468902587890625
2445,3146.jpg,-0.468902587890625
2446,3147.jpg,-0.468902587890625
2447,3148.jpg,-0.468902587890625
2448,3149.jpg,-0.468902587890625
2449,3150.jpg,-0.468902587890625
2450,3151.jpg,-0.471527099609375
2451,3152.jpg,-0.476837158203125
2452,3153.jpg,-0.47418212890625
2453,3154.jpg,-0.331146240234375
2454,3155.jpg,-0.28875732421875
2455,3156.jpg,-0.21722412109375
2456,3157.jpg,-0.211944580078125
2457,3158.jpg,-0.2039794921875
2458,3159.jpg,-0.148345947265625
2459,3160.jpg,0.0
2460,3161.jpg,0.0
2461,3162.jpg,0.08819580078125
2462,3163.jpg,0.159698486328125
2463,3164.jpg,0.0655517578125
2464,3165.jpg,0.0
2465,3166.jpg,0.0
2466,3167.jpg,0.0
2467,3168.jpg,0.0
2468,3169.jpg,0.0
2469,3170.jpg,0.0
2470,3171.jpg,0.0
2471,3172.jpg,0.0
2472,3173.jpg,0.10247802734375
2473,3174.jpg,0.17877197265625
2474,3175.jpg,0.193084716796875
2475,3176.jpg,0.193084716796875
2476,3177.jpg,0.193084716796875
2477,3178.jpg,0.193084716796875
2478,3179.jpg,0.193084716796875
2479,3180.jpg,0.193084716796875
2480,3181.jpg,0.193084716796875
2481,3182.jpg,0.193084716796875
2482,3183.jpg,0.243133544921875
2483,3184.jpg,0.247894287109375
2484,3185.jpg,0.374237060546875
2485,3186.jpg,0.371856689453125
2486,3187.jpg,0.371856689453125
2487,3188.jpg,0.364715576171875
2488,3189.jpg,0.362335205078125
2489,3190.jpg,0.362335205078125
2490,3191.jpg,0.35516357421875
2491,3192.jpg,0.295562744140625
2492,3193.jpg,0.2574462890625
2493,3194.jpg,0.2574462890625
2494,3195.jpg,0.2574462890625
2495,3196.jpg,0.2574462890625
2496,3197.jpg,0.286041259765625
2497,3198.jpg,0.30987548828125
2498,3199.jpg,0.30987548828125
2499,3200.jpg,0.30987548828125
2500,3201.jpg,0.30987548828125
2501,3202.jpg,0.30987548828125
2502,3203.jpg,0.30987548828125
2503,3204.jpg,0.30987548828125
2504,3205.jpg,0.30987548828125
2505,3206.jpg,0.30987548828125
2506,3207.jpg,0.30987548828125
2507,3208.jpg,0.331329345703125
2508,3209.jpg,0.331329345703125
2509,3210.jpg,0.331329345703125
2510,3211.jpg,0.331329345703125
2511,3212.jpg,0.331329345703125
2512,3213.jpg,0.331329345703125
2513,3214.jpg,0.331329345703125
2514,3215.jpg,0.331329345703125
2515,3216.jpg,0.331329345703125
2516,3217.jpg,0.331329345703125
2517,3218.jpg,0.331329345703125
2518,3219.jpg,0.331329345703125
2519,3220.jpg,0.331329345703125
2520,3221.jpg,0.331329345703125
2521,3222.jpg,0.331329345703125
2522,3223.jpg,0.331329345703125
2523,3224.jpg,0.331329345703125
2524,3225.jpg,0.331329345703125
2525,3226.jpg,0.252655029296875
2526,3227.jpg,0.06195068359375
2527,3228.jpg,0.008331298828125
2528,3229.jpg,0.0
2529,3230.jpg,0.0
2530,3231.jpg,0.0
2531,3232.jpg,0.0
2532,3233.jpg,0.0
2533,3234.jpg,0.0
2534,3235.jpg,0.0
2535,3236.jpg,0.0
2536,3237.jpg,0.0
2537,3238.jpg,0.0
2538,3239.jpg,0.0
2539,3240.jpg,0.0
2540,3241.jpg,0.0
2541,3242.jpg,0.0
2542,3243.jpg,0.0
2543,3244.jpg,0.0
2544,3245.jpg,0.0
2545,3246.jpg,0.0
2546,3247.jpg,0.0
2547,3248.jpg,0.0
2548,3249.jpg,0.0
2549,3250.jpg,0.0
2550,3251.jpg,0.0
2551,3252.jpg,0.0
2552,3253.jpg,0.0
2553,3254.jpg,0.0
2554,3255.jpg,0.0
2555,3256.jpg,0.0
2556,3257.jpg,0.0
2557,3258.jpg,0.0
2558,3259.jpg,0.0
2559,3260.jpg,0.0
2560,3261.jpg,0.0
2561,3262.jpg,0.0
2562,3263.jpg,0.0
2563,3264.jpg,0.0
2564,3265.jpg,0.0
2565,3266.jpg,0.0
2566,3267.jpg,0.0
2567,3268.jpg,0.0
2568,3269.jpg,-0.099365234375
2569,3270.jpg,-0.31524658203125
2570,3271.jpg,-0.34967041015625
2571,3272.jpg,-0.3470458984375
2572,3273.jpg,-0.3470458984375
2573,3274.jpg,-0.3470458984375
2574,3275.jpg,-0.3470458984375
2575,3276.jpg,-0.3470458984375
2576,3277.jpg,-0.3470458984375
2577,3278.jpg,-0.3470458984375
2578,3279.jpg,-0.437103271484375
2579,3280.jpg,-0.498016357421875
2580,3281.jpg,-0.498016357421875
2581,3282.jpg,-0.498016357421875
2582,3283.jpg,-0.498016357421875
2583,3284.jpg,-0.498016357421875
2584,3285.jpg,-0.498016357421875
2585,3286.jpg,-0.498016357421875
2586,3287.jpg,-0.498016357421875
2587,3288.jpg,-0.498016357421875
2588,3289.jpg,-0.498016357421875
2589,3290.jpg,-0.498016357421875
2590,3291.jpg,-0.498016357421875
2591,3292.jpg,-0.498016357421875
2592,3293.jpg,-0.498016357421875
2593,3294.jpg,-0.498016357421875
2594,3295.jpg,-0.499359130859375
2595,3296.jpg,-0.499359130859375
2596,3297.jpg,-0.499359130859375
2597,3298.jpg,-0.50067138671875
2598,3299.jpg,-0.50067138671875
2599,3300.jpg,-0.50067138671875
2600,3301.jpg,-0.50067138671875
2601,3302.jpg,-0.50067138671875
2602,3303.jpg,-0.50067138671875
2603,3304.jpg,-0.50067138671875
2604,3305.jpg,-0.50067138671875
2605,3306.jpg,-0.50067138671875
2606,3307.jpg,-0.50067138671875
2607,3308.jpg,-0.50067138671875
2608,3309.jpg,-0.286102294921875
2609,3310.jpg,0.0
2610,3311.jpg,0.0
2611,3312.jpg,0.0
2612,3313.jpg,0.030975341796875
2613,3314.jpg,0.14776611328125
2614,3315.jpg,0.14776611328125
2615,3316.jpg,0.09771728515625
2616,3317.jpg,0.0
2617,3318.jpg,0.0
2618,3319.jpg,0.0
2619,3320.jpg,0.0
2620,3321.jpg,0.0
2621,3322.jpg,0.0
2622,3323.jpg,0.0
2623,3324.jpg,0.0
2624,3325.jpg,0.0
2625,3326.jpg,0.0
2626,3327.jpg,0.0
2627,3328.jpg,0.0
2628,3329.jpg,0.0
2629,3330.jpg,0.0
2630,3331.jpg,0.0
2631,3332.jpg,0.0
2632,3333.jpg,0.0
2633,3334.jpg,0.0
2634,3335.jpg,0.0
2635,3336.jpg,0.0
2636,3337.jpg,0.0
2637,3338.jpg,0.0
2638,3339.jpg,0.0
2639,3340.jpg,0.0
2640,3341.jpg,0.0
2641,3342.jpg,0.0
2642,3343.jpg,0.0
2643,3344.jpg,0.0
2644,3345.jpg,0.0
2645,3346.jpg,0.0
2646,3347.jpg,0.0
2647,3348.jpg,0.0
2648,3349.jpg,0.0
2649,3350.jpg,0.0
2650,3351.jpg,0.0
2651,3352.jpg,0.0
2652,3353.jpg,0.0
2653,3354.jpg,0.0
2654,3355.jpg,0.0
2655,3356.jpg,0.0
2656,3357.jpg,0.0
2657,3358.jpg,0.0
2658,3359.jpg,0.0
2659,3360.jpg,0.0
2660,3361.jpg,0.0
2661,3362.jpg,0.0
2662,3363.jpg,0.0
2663,3364.jpg,0.0
2664,3365.jpg,0.0
2665,3366.jpg,0.0
2666,3367.jpg,0.0
2667,3368.jpg,0.0
2668,3369.jpg,0.0
2669,3370.jpg,0.0
2670,3371.jpg,0.0
2671,3372.jpg,0.0
2672,3373.jpg,0.0
2673,3374.jpg,0.0
2674,3375.jpg,0.0
2675,3376.jpg,0.0
2676,3377.jpg,0.0
2677,3378.jpg,0.0
2678,3379.jpg,0.0
2679,3380.jpg,0.0
2680,3381.jpg,0.0
2681,3382.jpg,0.0
2682,3383.jpg,0.0
2683,3384.jpg,0.0
2684,3385.jpg,0.0
2685,3386.jpg,0.0
2686,3387.jpg,0.0
2687,3388.jpg,0.0
2688,3389.jpg,0.0
2689,3390.jpg,0.0
2690,3391.jpg,0.0
2691,3392.jpg,0.0
2692,3393.jpg,0.0
2693,3394.jpg,0.0
2694,3395.jpg,0.0
2695,3396.jpg,0.0
2696,3397.jpg,0.0
2697,3398.jpg,0.0
2698,3399.jpg,0.0
2699,3400.jpg,0.0
2700,3401.jpg,0.0
2701,3402.jpg,0.0
2702,3403.jpg,0.0
2703,3404.jpg,0.0
2704,3405.jpg,0.0
2705,3406.jpg,0.0
2706,3407.jpg,0.0
2707,3408.jpg,0.0
2708,3409.jpg,0.0
2709,3410.jpg,0.0
2710,3411.jpg,0.0
2711,3412.jpg,0.0
2712,3413.jpg,0.0
2713,3414.jpg,0.0
2714,3415.jpg,0.0
2715,3416.jpg,0.0
2716,3417.jpg,0.04766845703125
2717,3418.jpg,0.231201171875
2718,3419.jpg,0.40045166015625
2719,3420.jpg,0.4088134765625
2720,3421.jpg,0.410003662109375
2721,3422.jpg,0.410003662109375
2722,3423.jpg,0.410003662109375
2723,3424.jpg,0.419525146484375
2724,3425.jpg,0.498199462890625
2725,3426.jpg,0.500579833984375
2726,3427.jpg,0.500579833984375
2727,3428.jpg,0.500579833984375
2728,3429.jpg,0.500579833984375
2729,3430.jpg,0.500579833984375
2730,3431.jpg,0.500579833984375
2731,3432.jpg,0.500579833984375
2732,3433.jpg,0.52679443359375
2733,3434.jpg,0.614990234375
2734,3435.jpg,0.629302978515625
2735,3436.jpg,0.629302978515625
2736,3437.jpg,0.629302978515625
2737,3438.jpg,0.629302978515625
2738,3439.jpg,0.629302978515625
2739,3440.jpg,0.629302978515625
2740,3441.jpg,0.660308837890625
2741,3442.jpg,0.7008056640625
2742,3443.jpg,0.703216552734375
2743,3444.jpg,0.703216552734375
2744,3445.jpg,0.703216552734375
2745,3446.jpg,0.679351806640625
2746,3447.jpg,0.669830322265625
2747,3448.jpg,0.669830322265625
2748,3449.jpg,0.669830322265625
2749,3450.jpg,0.669830322265625
2750,3451.jpg,0.669830322265625
2751,3452.jpg,0.669830322265625
2752,3453.jpg,0.584014892578125
2753,3454.jpg,0.514892578125
2754,3455.jpg,0.510101318359375
2755,3456.jpg,0.511322021484375
2756,3457.jpg,0.46124267578125
2757,3458.jpg,0.407623291015625
2758,3459.jpg,0.31463623046875
2759,3460.jpg,0.2669677734375
2760,3461.jpg,0.212127685546875
2761,3462.jpg,0.0845947265625
2762,3463.jpg,0.0
2763,3464.jpg,0.0
2764,3465.jpg,0.0
2765,3466.jpg,0.048858642578125
2766,3467.jpg,0.064361572265625
2767,3468.jpg,0.030975341796875
2768,3469.jpg,0.0
2769,3470.jpg,0.0
2770,3471.jpg,0.0
2771,3472.jpg,0.0
2772,3473.jpg,0.0
2773,3474.jpg,0.0
2774,3475.jpg,0.0
2775,3476.jpg,0.0
2776,3477.jpg,0.0
2777,3478.jpg,0.0
2778,3479.jpg,0.0
2779,3480.jpg,0.0
2780,3481.jpg,0.0
2781,3482.jpg,0.0
2782,3483.jpg,0.0
2783,3484.jpg,0.0
2784,3485.jpg,0.0
2785,3486.jpg,0.0
2786,3487.jpg,0.0
2787,3488.jpg,0.0
2788,3489.jpg,0.0
2789,3490.jpg,0.0
2790,3491.jpg,0.0
2791,3492.jpg,0.0
2792,3493.jpg,0.0
2793,3494.jpg,0.0
2794,3495.jpg,0.0
2795,3496.jpg,0.0
2796,3497.jpg,0.0
2797,3498.jpg,0.0
2798,3499.jpg,0.0
2799,3500.jpg,-0.04901123046875
2800,3501.jpg,-0.087432861328125
2801,3502.jpg,-0.087432861328125
2802,3503.jpg,-0.087432861328125
2803,3504.jpg,-0.087432861328125
2804,3505.jpg,-0.087432861328125
2805,3506.jpg,-0.113922119140625
2806,3507.jpg,-0.29669189453125
2807,3508.jpg,-0.3284912109375
2808,3509.jpg,-0.3284912109375
2809,3510.jpg,-0.3284912109375
2810,3511.jpg,-0.3284912109375
2811,3512.jpg,-0.3284912109375
2812,3513.jpg,-0.3284912109375
2813,3514.jpg,-0.3284912109375
2814,3515.jpg,-0.302001953125
2815,3516.jpg,-0.299346923828125
2816,3517.jpg,-0.299346923828125
2817,3518.jpg,-0.299346923828125
2818,3519.jpg,-0.29803466796875
2819,3520.jpg,-0.29803466796875
2820,3521.jpg,-0.29803466796875
2821,3522.jpg,-0.291412353515625
2822,3523.jpg,-0.23577880859375
2823,3524.jpg,-0.18280029296875
2824,3525.jpg,-0.13775634765625
2825,3526.jpg,-0.08477783203125
2826,3527.jpg,-0.0106201171875
2827,3528.jpg,0.0
2828,3529.jpg,0.0
2829,3530.jpg,0.0
2830,3531.jpg,0.0
2831,3532.jpg,0.0
2832,3533.jpg,0.0
2833,3534.jpg,0.0
2834,3535.jpg,0.0
2835,3536.jpg,0.0
2836,3537.jpg,0.0
2837,3538.jpg,0.0
2838,3539.jpg,0.0
2839,3540.jpg,0.0
2840,3541.jpg,0.0
2841,3542.jpg,0.0
2842,3543.jpg,0.0
2843,3544.jpg,0.0
2844,3545.jpg,0.0
2845,3546.jpg,0.0
2846,3547.jpg,0.0
2847,3548.jpg,0.0
2848,3549.jpg,0.0
2849,3550.jpg,0.0
2850,3551.jpg,0.0
2851,3552.jpg,0.0
2852,3553.jpg,0.0
2853,3554.jpg,0.0
2854,3555.jpg,0.0
2855,3556.jpg,0.0
2856,3557.jpg,0.0
2857,3558.jpg,0.0
2858,3559.jpg,0.009521484375
2859,3560.jpg,0.01190185546875
2860,3561.jpg,0.030975341796875
2861,3562.jpg,0.035736083984375
2862,3563.jpg,0.035736083984375
2863,3564.jpg,0.035736083984375
2864,3565.jpg,0.035736083984375
2865,3566.jpg,0.035736083984375
2866,3567.jpg,0.035736083984375
2867,3568.jpg,0.040496826171875
2868,3569.jpg,0.140625
2869,3570.jpg,0.140625
2870,3571.jpg,0.140625
2871,3572.jpg,0.2169189453125
2872,3573.jpg,0.35040283203125
2873,3574.jpg,0.35040283203125
2874,3575.jpg,0.35040283203125
2875,3576.jpg,0.35040283203125
2876,3577.jpg,0.35040283203125
2877,3578.jpg,0.35040283203125
2878,3579.jpg,0.35040283203125
2879,3580.jpg,0.35040283203125
2880,3581.jpg,0.35040283203125
2881,3582.jpg,0.13348388671875
2882,3583.jpg,0.0
2883,3584.jpg,0.0
2884,3585.jpg,0.0
2885,3586.jpg,0.0
2886,3587.jpg,0.0
2887,3588.jpg,0.0
2888,3589.jpg,0.0
2889,3590.jpg,0.0858154296875
2890,3591.jpg,0.090576171875
2891,3592.jpg,0.038116455078125
2892,3593.jpg,0.0
2893,3594.jpg,-0.186767578125
2894,3595.jpg,-0.339080810546875
2895,3596.jpg,-0.3814697265625
2896,3597.jpg,-0.3814697265625
2897,3598.jpg,-0.3814697265625
2898,3599.jpg,-0.31524658203125
2899,3600.jpg,-0.302001953125
2900,3601.jpg,-0.238433837890625
2901,3602.jpg,-0.238433837890625
2902,3603.jpg,-0.238433837890625
2903,3604.jpg,-0.28082275390625
2904,3605.jpg,-0.649017333984375
2905,3606.jpg,0.0
2906,3607.jpg,0.407623291015625
2907,3608.jpg,0.629302978515625
2908,3609.jpg,0.636444091796875
2909,3610.jpg,0.6412353515625
2910,3611.jpg,0.64361572265625
2911,3612.jpg,0.64361572265625
2912,3613.jpg,0.64361572265625
2913,3614.jpg,0.619781494140625
2914,3615.jpg,0.59832763671875
2915,3616.jpg,0.202606201171875
2916,3617.jpg,-0.011932373046875
2917,3618.jpg,-0.884796142578125
2918,3619.jpg,-0.96954345703125
2919,3620.jpg,-0.96954345703125
2920,3621.jpg,-0.9483642578125
2921,3622.jpg,-0.879486083984375
2922,3623.jpg,-0.834442138671875
2923,3624.jpg,-0.7099609375
2924,3625.jpg,-0.410614013671875
2925,3626.jpg,-0.19073486328125
2926,3627.jpg,0.0
2927,3628.jpg,0.0
2928,3629.jpg,0.0
2929,3630.jpg,0.0
2930,3631.jpg,0.0
2931,3632.jpg,0.0
2932,3633.jpg,0.0
2933,3634.jpg,0.0
2934,3635.jpg,0.0
2935,3636.jpg,0.0
2936,3637.jpg,0.0
2937,3638.jpg,0.0
2938,3639.jpg,0.0
2939,3640.jpg,0.0
2940,3641.jpg,0.0
2941,3642.jpg,0.0
2942,3643.jpg,0.0
2943,3644.jpg,0.0
2944,3645.jpg,0.0
2945,3646.jpg,0.0
2946,3647.jpg,0.0
2947,3648.jpg,0.0
2948,3649.jpg,0.03692626953125
2949,3650.jpg,0.040496826171875
2950,3651.jpg,0.0
2951,3652.jpg,0.0
2952,3653.jpg,0.0
2953,3654.jpg,0.0
2954,3655.jpg,0.0
2955,3656.jpg,0.0
2956,3657.jpg,0.0
2957,3658.jpg,0.0
2958,3659.jpg,0.0
2959,3660.jpg,0.0
2960,3661.jpg,0.0
2961,3662.jpg,0.0
2962,3663.jpg,0.0
2963,3664.jpg,0.0
2964,3665.jpg,0.0
2965,3666.jpg,0.0
2966,3667.jpg,0.0
2967,3668.jpg,0.0
2968,3669.jpg,0.0
2969,3670.jpg,0.0
2970,3671.jpg,0.0
2971,3672.jpg,0.0
2972,3673.jpg,0.0
2973,3674.jpg,0.0
2974,3675.jpg,0.0
2975,3676.jpg,0.0
2976,3677.jpg,0.0
2977,3678.jpg,0.0
2978,3679.jpg,0.0
2979,3680.jpg,0.0
2980,3681.jpg,0.0
2981,3682.jpg,0.0
2982,3683.jpg,0.0
2983,3684.jpg,0.0
2984,3685.jpg,0.0
2985,3686.jpg,0.0
2986,3687.jpg,0.0
2987,3688.jpg,0.0
2988,3689.jpg,0.0
2989,3690.jpg,0.0
2990,3691.jpg,0.0
2991,3692.jpg,0.0
2992,3693.jpg,0.0
2993,3694.jpg,0.0
2994,3695.jpg,0.0
2995,3696.jpg,0.0
2996,3697.jpg,0.0
2997,3698.jpg,0.0
2998,3699.jpg,0.0
2999,3700.jpg,0.0
3000,3701.jpg,0.0
3001,3702.jpg,0.0
3002,3703.jpg,0.0
3003,3704.jpg,0.0
3004,3705.jpg,0.0
3005,3706.jpg,0.0
3006,3707.jpg,0.0
3007,3708.jpg,0.0
3008,3709.jpg,0.090576171875
3009,3710.jpg,0.22406005859375
3010,3711.jpg,0.3170166015625
3011,3712.jpg,0.34326171875
3012,3713.jpg,0.42669677734375
3013,3714.jpg,0.450531005859375
3014,3715.jpg,0.502960205078125
3015,3716.jpg,0.59832763671875
3016,3717.jpg,0.60308837890625
3017,3718.jpg,0.617401123046875
3018,3719.jpg,0.617401123046875
3019,3720.jpg,0.636444091796875
3020,3721.jpg,0.69366455078125
3021,3722.jpg,0.750885009765625
3022,3723.jpg,0.750885009765625
3023,3724.jpg,0.81048583984375
3024,3725.jpg,0.848602294921875
3025,3726.jpg,0.848602294921875
3026,3727.jpg,0.848602294921875
3027,3728.jpg,0.848602294921875
3028,3729.jpg,0.636444091796875
3029,3730.jpg,0.56494140625
3030,3731.jpg,0.56494140625
3031,3732.jpg,0.6507568359375
3032,3733.jpg,0.7008056640625
3033,3734.jpg,0.7008056640625
3034,3735.jpg,0.65789794921875
3035,3736.jpg,0.498199462890625
3036,3737.jpg,0.312255859375
3037,3738.jpg,0.2574462890625
3038,3739.jpg,0.243133544921875
3039,3740.jpg,0.0
3040,3741.jpg,0.0
3041,3742.jpg,0.0
3042,3743.jpg,0.0
3043,3744.jpg,0.0
3044,3745.jpg,0.0
3045,3746.jpg,0.0
3046,3747.jpg,0.0
3047,3748.jpg,0.0
3048,3749.jpg,0.0
3049,3750.jpg,0.0
3050,3751.jpg,0.0
3051,3752.jpg,0.0
3052,3753.jpg,-0.119232177734375
3053,3754.jpg,-0.2318115234375
3054,3755.jpg,-0.28082275390625
3055,3756.jpg,-0.286102294921875
3056,3757.jpg,-0.286102294921875
3057,3758.jpg,-0.286102294921875
3058,3759.jpg,-0.287445068359375
3059,3760.jpg,-0.28875732421875
3060,3761.jpg,-0.28875732421875
3061,3762.jpg,-0.5933837890625
3062,3763.jpg,-0.6834716796875
3063,3764.jpg,-0.6834716796875
3064,3765.jpg,-0.667572021484375
3065,3766.jpg,-0.04901123046875
3066,3767.jpg,0.0
3067,3768.jpg,0.0
3068,3769.jpg,0.0
3069,3770.jpg,0.0
3070,3771.jpg,0.0
3071,3772.jpg,0.0
3072,3773.jpg,0.0
3073,3774.jpg,0.0
3074,3775.jpg,0.0
3075,3776.jpg,0.0
3076,3777.jpg,0.0
3077,3778.jpg,0.209747314453125
3078,3779.jpg,0.2264404296875
3079,3780.jpg,0.34564208984375
3080,3781.jpg,0.401641845703125
3081,3782.jpg,0.407623291015625
3082,3783.jpg,0.410003662109375
3083,3784.jpg,0.407623291015625
3084,3785.jpg,0.407623291015625
3085,3786.jpg,0.407623291015625
3086,3787.jpg,0.407623291015625
3087,3788.jpg,0.407623291015625
3088,3789.jpg,0.48388671875
3089,3790.jpg,0.52203369140625
3090,3791.jpg,0.536346435546875
3091,3792.jpg,0.536346435546875
3092,3793.jpg,0.536346435546875
3093,3794.jpg,0.48388671875
3094,3795.jpg,0.48388671875
3095,3796.jpg,0.48388671875
3096,3797.jpg,0.48388671875
3097,3798.jpg,0.48388671875
3098,3799.jpg,0.48388671875
3099,3800.jpg,0.48388671875
3100,3801.jpg,0.48388671875
3101,3802.jpg,0.498199462890625
3102,3803.jpg,0.094146728515625
3103,3804.jpg,0.0
3104,3805.jpg,0.0
3105,3806.jpg,0.0
3106,3807.jpg,0.0
3107,3808.jpg,0.0
3108,3809.jpg,0.0
3109,3810.jpg,0.0
3110,3811.jpg,0.0
3111,3812.jpg,-0.1165771484375
3112,3813.jpg,-0.317901611328125
3113,3814.jpg,-0.410614013671875
3114,3815.jpg,-0.423858642578125
3115,3816.jpg,-0.423858642578125
3116,3817.jpg,-0.423858642578125
3117,3818.jpg,-0.423858642578125
3118,3819.jpg,-0.423858642578125
3119,3820.jpg,-0.365570068359375
3120,3821.jpg,-0.300689697265625
3121,3822.jpg,-0.312591552734375
3122,3823.jpg,-0.521881103515625
3123,3824.jpg,-0.5933837890625
3124,3825.jpg,-0.60400390625
3125,3826.jpg,-0.60400390625
3126,3827.jpg,-0.60400390625
3127,3828.jpg,-0.54571533203125
3128,3829.jpg,-0.49273681640625
3129,3830.jpg,-0.47418212890625
3130,3831.jpg,-0.476837158203125
3131,3832.jpg,-0.476837158203125
3132,3833.jpg,-0.476837158203125
3133,3834.jpg,-0.476837158203125
3134,3835.jpg,-0.476837158203125
3135,3836.jpg,-0.476837158203125
3136,3837.jpg,-0.304656982421875
3137,3838.jpg,0.0
3138,3839.jpg,0.0
3139,3840.jpg,0.0
3140,3841.jpg,0.0
3141,3842.jpg,0.0
3142,3843.jpg,0.0
3143,3844.jpg,0.0
3144,3845.jpg,0.0
3145,3846.jpg,0.0
3146,3847.jpg,0.0
3147,3848.jpg,0.0
3148,3849.jpg,0.0
3149,3850.jpg,0.0
3150,3851.jpg,0.0
3151,3852.jpg,0.0
3152,3853.jpg,0.0
3153,3854.jpg,0.0
3154,3855.jpg,-0.524505615234375
3155,3856.jpg,-0.86358642578125
3156,3857.jpg,-0.94305419921875
3157,3858.jpg,-0.94305419921875
3158,3859.jpg,-0.941741943359375
3159,3860.jpg,-0.941741943359375
3160,3861.jpg,-0.941741943359375
3161,3862.jpg,-0.913909912109375
3162,3863.jpg,-0.9033203125
3163,3864.jpg,-0.9033203125
3164,3865.jpg,-0.9033203125
3165,3866.jpg,-0.9033203125
3166,3867.jpg,-0.641082763671875
3167,3868.jpg,-0.641082763671875
3168,3869.jpg,-0.8768310546875
3169,3870.jpg,-0.900665283203125
3170,3871.jpg,-0.900665283203125
3171,3872.jpg,-0.20135498046875
3172,3873.jpg,0.0
3173,3874.jpg,0.0
3174,3875.jpg,0.0
3175,3876.jpg,0.0
3176,3877.jpg,0.0
3177,3878.jpg,0.0
3178,3879.jpg,0.0
3179,3880.jpg,0.083404541015625
3180,3881.jpg,0.1453857421875
3181,3882.jpg,0.243133544921875
3182,3883.jpg,0.30511474609375
3183,3884.jpg,0.362335205078125
3184,3885.jpg,0.407623291015625
3185,3886.jpg,0.419525146484375
3186,3887.jpg,0.448150634765625
3187,3888.jpg,0.60308837890625
3188,3889.jpg,0.60308837890625
3189,3890.jpg,0.498199462890625
3190,3891.jpg,0.636444091796875
3191,3892.jpg,0.72943115234375
3192,3893.jpg,0.73419189453125
3193,3894.jpg,0.73419189453125
3194,3895.jpg,0.73419189453125
3195,3896.jpg,0.87603759765625
3196,3897.jpg,0.974945068359375
3197,3898.jpg,0.974945068359375
3198,3899.jpg,0.974945068359375
3199,3900.jpg,0.974945068359375
3200,3901.jpg,0.974945068359375
3201,3902.jpg,0.974945068359375
3202,3903.jpg,0.999969482421875
3203,3904.jpg,0.999969482421875
3204,3905.jpg,0.999969482421875
3205,3906.jpg,0.891510009765625
3206,3907.jpg,0.82000732421875
3207,3908.jpg,0.805694580078125
3208,3909.jpg,0.82476806640625
3209,3910.jpg,0.848602294921875
3210,3911.jpg,0.85577392578125
3211,3912.jpg,0.8533935546875
3212,3913.jpg,0.747314453125
3213,3914.jpg,0.69842529296875
3214,3915.jpg,0.696044921875
3215,3916.jpg,0.696044921875
3216,3917.jpg,0.696044921875
3217,3918.jpg,0.696044921875
3218,3919.jpg,0.696044921875
3219,3920.jpg,0.696044921875
3220,3921.jpg,0.697235107421875
3221,3922.jpg,0.69842529296875
3222,3923.jpg,0.69842529296875
3223,3924.jpg,0.69842529296875
3224,3925.jpg,0.69842529296875
3225,3926.jpg,0.69842529296875
3226,3927.jpg,0.69842529296875
3227,3928.jpg,0.69842529296875
3228,3929.jpg,0.69842529296875
3229,3930.jpg,0.69842529296875
3230,3931.jpg,0.69842529296875
3231,3932.jpg,0.69842529296875
3232,3933.jpg,0.69842529296875
3233,3934.jpg,0.69842529296875
3234,3935.jpg,0.69842529296875
3235,3936.jpg,0.69842529296875
3236,3937.jpg,0.69842529296875
3237,3938.jpg,0.5399169921875
3238,3939.jpg,0.4385986328125
3239,3940.jpg,0.44097900390625
3240,3941.jpg,0.44097900390625
3241,3942.jpg,0.44097900390625
3242,3943.jpg,0.44097900390625
3243,3944.jpg,0.414764404296875
3244,3945.jpg,0.0
3245,3946.jpg,0.0
3246,3947.jpg,0.0
3247,3948.jpg,0.0
3248,3949.jpg,0.0
3249,3950.jpg,0.0
3250,3951.jpg,0.0
3251,3952.jpg,0.0
3252,3953.jpg,0.0
3253,3954.jpg,0.0
3254,3955.jpg,0.0
3255,3956.jpg,0.0
3256,3957.jpg,0.0
3257,3958.jpg,0.0
3258,3959.jpg,0.0
3259,3960.jpg,-0.210601806640625
3260,3961.jpg,-0.299346923828125
3261,3962.jpg,-0.508636474609375
3262,3963.jpg,-0.667572021484375
3263,3964.jpg,-0.839752197265625
3264,3965.jpg,-0.898040771484375
3265,3966.jpg,-0.924530029296875
3266,3967.jpg,-0.990753173828125
3267,3968.jpg,-0.990753173828125
3268,3969.jpg,-0.990753173828125
3269,3970.jpg,-0.96160888671875
3270,3971.jpg,-0.945709228515625
3271,3972.jpg,-0.94305419921875
3272,3973.jpg,-0.94305419921875
3273,3974.jpg,-0.94305419921875
3274,3975.jpg,-0.94305419921875
3275,3976.jpg,-0.94305419921875
3276,3977.jpg,-0.932464599609375
3277,3978.jpg,-0.76556396484375
3278,3979.jpg,-0.5933837890625
3279,3980.jpg,-0.5933837890625
3280,3981.jpg,-0.574859619140625
3281,3982.jpg,-0.543060302734375
3282,3983.jpg,-0.521881103515625
3283,3984.jpg,-0.51788330078125
3284,3985.jpg,-0.51788330078125
3285,3986.jpg,-0.51788330078125
3286,3987.jpg,-0.4781494140625
3287,3988.jpg,-0.3814697265625
3288,3989.jpg,-0.14306640625
3289,3990.jpg,0.0
3290,3991.jpg,0.0
3291,3992.jpg,0.0
3292,3993.jpg,0.0
3293,3994.jpg,0.0
3294,3995.jpg,0.0
3295,3996.jpg,0.0
3296,3997.jpg,0.0
3297,3998.jpg,0.0
3298,3999.jpg,0.0
3299,4000.jpg,0.0
3300,4001.jpg,0.0
3301,4002.jpg,0.0
3302,4003.jpg,0.0
3303,4004.jpg,0.0
3304,4005.jpg,0.0
3305,4006.jpg,0.0
3306,4007.jpg,0.0
3307,4008.jpg,0.0
3308,4009.jpg,0.0
3309,4010.jpg,0.0
3310,4011.jpg,0.0
3311,4012.jpg,0.0
3312,4013.jpg,0.0
3313,4014.jpg,0.0
3314,4015.jpg,0.0
3315,4016.jpg,0.0
3316,4017.jpg,0.0
3317,4018.jpg,0.0
3318,4019.jpg,0.0
3319,4020.jpg,0.0
3320,4021.jpg,0.0
3321,4022.jpg,0.0
3322,4023.jpg,0.0
3323,4024.jpg,0.0
3324,4025.jpg,0.0
3325,4026.jpg,0.0
3326,4027.jpg,0.0
3327,4028.jpg,0.0
3328,4029.jpg,0.0
3329,4030.jpg,0.0
3330,4031.jpg,0.0
3331,4032.jpg,0.0
3332,4033.jpg,0.0
3333,4034.jpg,0.0
3334,4035.jpg,0.0
3335,4036.jpg,0.0
3336,4037.jpg,0.0
3337,4038.jpg,0.0
3338,4039.jpg,0.0
3339,4040.jpg,0.0
3340,4041.jpg,0.0
3341,4042.jpg,0.0
3342,4043.jpg,0.0
3343,4044.jpg,0.0
3344,4045.jpg,0.0
3345,4046.jpg,0.0
3346,4047.jpg,0.0
3347,4048.jpg,0.0
3348,4049.jpg,0.0
3349,4050.jpg,0.0
3350,4051.jpg,0.0
3351,4052.jpg,0.0
3352,4053.jpg,0.0
3353,4054.jpg,0.0
3354,4055.jpg,0.0
3355,4056.jpg,0.0
3356,4057.jpg,0.0
3357,4058.jpg,0.0
3358,4059.jpg,0.0
3359,4060.jpg,0.0
3360,4061.jpg,0.0
3361,4062.jpg,0.0
3362,4063.jpg,0.0
3363,4064.jpg,0.0
3364,4065.jpg,0.0
3365,4066.jpg,0.0
3366,4067.jpg,0.0
3367,4068.jpg,0.0
3368,4069.jpg,0.0
3369,4070.jpg,0.0
3370,4071.jpg,0.0
3371,4072.jpg,0.0
3372,4073.jpg,0.0
3373,4074.jpg,0.0
3374,4075.jpg,0.0
3375,4076.jpg,0.0
3376,4077.jpg,0.0
3377,4078.jpg,0.0
3378,4079.jpg,0.0
3379,4080.jpg,0.0
3380,4081.jpg,0.0
3381,4082.jpg,0.0
3382,4083.jpg,0.0
3383,4084.jpg,0.0
3384,4085.jpg,0.0
3385,4086.jpg,0.0
3386,4087.jpg,0.0
3387,4088.jpg,0.0
3388,4089.jpg,0.0
3389,4090.jpg,0.0
3390,4091.jpg,0.0
3391,4092.jpg,0.0
3392,4093.jpg,0.0
3393,4094.jpg,0.0
3394,4095.jpg,0.0
3395,4096.jpg,0.0
3396,4097.jpg,0.0
3397,4098.jpg,0.0
3398,4099.jpg,0.0
3399,4100.jpg,0.0
3400,4101.jpg,0.0
3401,4102.jpg,0.0
3402,4103.jpg,0.0
3403,4104.jpg,0.0
3404,4105.jpg,0.0
3405,4106.jpg,0.0
3406,4107.jpg,0.0
3407,4108.jpg,0.0
3408,4109.jpg,0.0
3409,4110.jpg,0.0
3410,4111.jpg,0.0
3411,4112.jpg,0.0
3412,4113.jpg,0.0
3413,4114.jpg,0.0
3414,4115.jpg,0.0
3415,4116.jpg,0.0
3416,4117.jpg,0.0
3417,4118.jpg,0.0
3418,4119.jpg,0.0
3419,4120.jpg,0.0
3420,4121.jpg,0.0
3421,4122.jpg,0.0
3422,4123.jpg,0.0
3423,4124.jpg,0.0
3424,4125.jpg,0.0
3425,4126.jpg,0.0
3426,4127.jpg,0.0
3427,4128.jpg,0.0
3428,4129.jpg,0.0
3429,4130.jpg,0.0
3430,4131.jpg,0.0
3431,4132.jpg,0.0
3432,4133.jpg,0.0
3433,4134.jpg,0.0
3434,4135.jpg,0.0
3435,4136.jpg,0.0
3436,4137.jpg,0.0
3437,4138.jpg,0.0
3438,4139.jpg,0.0
3439,4140.jpg,0.0
3440,4141.jpg,0.0
3441,4142.jpg,0.0
3442,4143.jpg,0.0
3443,4144.jpg,0.0
3444,4145.jpg,0.0
3445,4146.jpg,0.0
3446,4147.jpg,0.0
3447,4148.jpg,0.0
3448,4149.jpg,0.0
3449,4150.jpg,0.0
3450,4151.jpg,0.0
3451,4152.jpg,0.0
3452,4153.jpg,0.0
3453,4154.jpg,0.0
3454,4155.jpg,0.0
3455,4156.jpg,0.0
3456,4157.jpg,0.0
3457,4158.jpg,0.0
3458,4159.jpg,0.0
3459,4160.jpg,0.0
3460,4161.jpg,0.0
3461,4162.jpg,0.0
3462,4163.jpg,0.0
3463,4164.jpg,0.0
3464,4165.jpg,0.0
3465,4166.jpg,0.0
3466,4167.jpg,0.0
3467,4168.jpg,0.0
3468,4169.jpg,0.0
3469,4170.jpg,0.0
3470,4171.jpg,0.0
3471,4172.jpg,0.0
3472,4173.jpg,0.0
3473,4174.jpg,0.0
3474,4175.jpg,0.0
3475,4176.jpg,0.0
3476,4177.jpg,0.0
3477,4178.jpg,0.0
3478,4179.jpg,0.0
3479,4180.jpg,0.0
3480,4181.jpg,0.0
3481,4182.jpg,0.0
3482,4183.jpg,0.0
3483,4184.jpg,0.0
3484,4185.jpg,0.0
3485,4186.jpg,0.0
3486,4187.jpg,0.0
3487,4188.jpg,0.0
3488,4189.jpg,0.0
3489,4190.jpg,0.0
3490,4191.jpg,0.0
3491,4192.jpg,0.0
3492,4193.jpg,0.0
3493,4194.jpg,0.0
3494,4195.jpg,0.0
3495,4196.jpg,0.0
3496,4197.jpg,0.0
3497,4198.jpg,0.0
3498,4199.jpg,0.0
3499,4200.jpg,0.0
3500,4201.jpg,0.0
3501,4202.jpg,0.0
3502,4203.jpg,0.0
3503,4204.jpg,0.0
3504,4205.jpg,0.0
3505,4206.jpg,0.0
3506,4207.jpg,0.0
3507,4208.jpg,0.0
3508,4209.jpg,0.0
3509,4210.jpg,0.0
3510,4211.jpg,0.0
3511,4212.jpg,0.0
3512,4213.jpg,0.0
3513,4214.jpg,0.0
3514,4215.jpg,0.0
3515,4216.jpg,0.0
3516,4217.jpg,0.0
3517,4218.jpg,0.0
3518,4219.jpg,0.0
3519,4220.jpg,0.0
3520,4221.jpg,0.0
3521,4222.jpg,0.0
3522,4223.jpg,0.0
3523,4224.jpg,0.0
3524,4225.jpg,0.0
3525,4226.jpg,0.0
3526,4227.jpg,0.0
3527,4228.jpg,0.0
3528,4229.jpg,0.0
3529,4230.jpg,0.0
3530,4231.jpg,0.0
3531,4232.jpg,0.0
3532,4233.jpg,0.0
3533,4234.jpg,0.0
3534,4235.jpg,0.0
3535,4236.jpg,0.0
3536,4237.jpg,0.0
3537,4238.jpg,0.0
3538,4239.jpg,0.0
3539,4240.jpg,0.0
3540,4241.jpg,0.0
3541,4242.jpg,0.0
3542,4243.jpg,0.0
3543,4244.jpg,0.0
3544,4245.jpg,0.0
3545,4246.jpg,0.0
3546,4247.jpg,0.0
3547,4248.jpg,0.0
3548,4249.jpg,0.0
3549,4250.jpg,0.0
3550,4251.jpg,0.0
3551,4252.jpg,0.0
3552,4253.jpg,0.0
3553,4254.jpg,0.0
3554,4255.jpg,0.0
3555,4256.jpg,0.0
3556,4257.jpg,0.0
3557,4258.jpg,0.0
3558,4259.jpg,0.0
3559,4260.jpg,0.0
3560,4261.jpg,0.0
3561,4262.jpg,0.0
3562,4263.jpg,0.0
3563,4264.jpg,0.0
3564,4265.jpg,0.0
3565,4266.jpg,0.0
3566,4267.jpg,0.0
3567,4268.jpg,0.0
3568,4269.jpg,0.0
3569,4270.jpg,0.0
3570,4271.jpg,0.0
3571,4272.jpg,0.0
3572,4273.jpg,0.0
3573,4274.jpg,0.0
3574,4275.jpg,0.0
3575,4276.jpg,0.0
3576,4277.jpg,0.0
3577,4278.jpg,0.0
3578,4279.jpg,0.0
3579,4280.jpg,0.0
3580,4281.jpg,0.0
3581,4282.jpg,0.0
3582,4283.jpg,0.0
3583,4284.jpg,0.0
3584,4285.jpg,0.0
3585,4286.jpg,0.0
3586,4287.jpg,0.0
3587,4288.jpg,0.0
3588,4289.jpg,0.0
3589,4290.jpg,0.0
3590,4291.jpg,0.0
3591,4292.jpg,0.0
3592,4293.jpg,0.0
3593,4294.jpg,0.0
3594,4295.jpg,0.0
3595,4296.jpg,-0.08477783203125
3596,4297.jpg,-0.13909912109375
3597,4298.jpg,-0.13909912109375
3598,4299.jpg,-0.13909912109375
3599,4300.jpg,-0.13909912109375
3600,4301.jpg,-0.13909912109375
3601,4302.jpg,-0.13909912109375
3602,4303.jpg,-0.13909912109375
3603,4304.jpg,-0.13909912109375
3604,4305.jpg,-0.13909912109375
3605,4306.jpg,-0.19073486328125
3606,4307.jpg,-0.215911865234375
3607,4308.jpg,-0.29669189453125
3608,4309.jpg,-0.3629150390625
3609,4310.jpg,-0.402679443359375
3610,4311.jpg,-0.49273681640625
3611,4312.jpg,-0.498016357421875
3612,4313.jpg,-0.498016357421875
3613,4314.jpg,-0.524505615234375
3614,4315.jpg,-0.56689453125
3615,4316.jpg,-0.56689453125
3616,4317.jpg,-0.56689453125
3617,4318.jpg,-0.56689453125
3618,4319.jpg,-0.5933837890625
3619,4320.jpg,-0.654327392578125
3620,4321.jpg,-0.654327392578125
3621,4322.jpg,-0.654327392578125
3622,4323.jpg,-0.654327392578125
3623,4324.jpg,-0.654327392578125
3624,4325.jpg,-0.654327392578125
3625,4326.jpg,-0.654327392578125
3626,4327.jpg,-0.654327392578125
3627,4328.jpg,-0.654327392578125
3628,4329.jpg,-0.654327392578125
3629,4330.jpg,-0.654327392578125
3630,4331.jpg,-0.65167236328125
3631,4332.jpg,-0.550994873046875
3632,4333.jpg,-0.532470703125
3633,4334.jpg,-0.508636474609375
3634,4335.jpg,-0.508636474609375
3635,4336.jpg,-0.55364990234375
3636,4337.jpg,-0.638427734375
3637,4338.jpg,-0.67022705078125
3638,4339.jpg,-0.675506591796875
3639,4340.jpg,-0.675506591796875
3640,4341.jpg,-0.67816162109375
3641,4342.jpg,-0.688751220703125
3642,4343.jpg,-0.70465087890625
3643,4344.jpg,-0.849029541015625
3644,4345.jpg,-0.91656494140625
3645,4346.jpg,-0.9390869140625
3646,4347.jpg,-0.958953857421875
3647,4348.jpg,-0.958953857421875
3648,4349.jpg,-0.96160888671875
3649,4350.jpg,-0.96160888671875
3650,4351.jpg,-0.96160888671875
3651,4352.jpg,-0.96160888671875
3652,4353.jpg,-0.96160888671875
3653,4354.jpg,-0.96160888671875
3654,4355.jpg,-0.96160888671875
3655,4356.jpg,-0.96160888671875
3656,4357.jpg,-0.96160888671875
3657,4358.jpg,-0.96160888671875
3658,4359.jpg,-0.96160888671875
3659,4360.jpg,-0.96160888671875
3660,4361.jpg,-0.96160888671875
3661,4362.jpg,-0.96160888671875
3662,4363.jpg,-0.96160888671875
3663,4364.jpg,-0.96160888671875
3664,4365.jpg,-0.96160888671875
3665,4366.jpg,-0.96160888671875
3666,4367.jpg,-0.96160888671875
3667,4368.jpg,-0.964263916015625
3668,4369.jpg,-0.962921142578125
3669,4370.jpg,-0.96160888671875
3670,4371.jpg,-0.874176025390625
3671,4372.jpg,-0.75762939453125
3672,4373.jpg,-0.754974365234375
3673,4374.jpg,-0.741729736328125
3674,4375.jpg,-0.720550537109375
3675,4376.jpg,-0.71258544921875
3676,4377.jpg,-0.66094970703125
3677,4378.jpg,-0.5933837890625
3678,4379.jpg,-0.37615966796875
3679,4380.jpg,-0.325836181640625
3680,4381.jpg,-0.27020263671875
3681,4382.jpg,-0.211944580078125
3682,4383.jpg,0.0
3683,4384.jpg,0.0
3684,4385.jpg,0.0
3685,4386.jpg,0.0
3686,4387.jpg,0.0
3687,4388.jpg,0.0
3688,4389.jpg,0.0
3689,4390.jpg,0.0
3690,4391.jpg,0.0
3691,4392.jpg,0.0
3692,4393.jpg,0.0
3693,4394.jpg,0.0
3694,4395.jpg,0.0
3695,4396.jpg,0.0
3696,4397.jpg,0.0
3697,4398.jpg,0.0
3698,4399.jpg,0.0
3699,4400.jpg,0.0
3700,4401.jpg,0.0
3701,4402.jpg,0.0
3702,4403.jpg,0.0
3703,4404.jpg,0.0
3704,4405.jpg,0.0
3705,4406.jpg,0.0
3706,4407.jpg,0.0
3707,4408.jpg,0.0
3708,4409.jpg,0.0
3709,4410.jpg,0.0
3710,4411.jpg,0.0
3711,4412.jpg,0.0
3712,4413.jpg,0.0
3713,4414.jpg,0.0
3714,4415.jpg,0.0
3715,4416.jpg,0.0
3716,4417.jpg,0.0
3717,4418.jpg,0.0
3718,4419.jpg,0.0
3719,4420.jpg,0.0
3720,4421.jpg,0.0
3721,4422.jpg,0.0
3722,4423.jpg,0.0
3723,4424.jpg,0.0
3724,4425.jpg,0.0
3725,4426.jpg,0.0
3726,4427.jpg,0.0
3727,4428.jpg,0.0
3728,4429.jpg,0.0
3729,4430.jpg,0.0
3730,4431.jpg,0.0
3731,4432.jpg,0.0
3732,4433.jpg,0.0
3733,4434.jpg,0.0
3734,4435.jpg,0.0
3735,4436.jpg,0.0
3736,4437.jpg,0.0
3737,4438.jpg,0.0
3738,4439.jpg,0.0
3739,4440.jpg,0.0
3740,4441.jpg,0.0
3741,4442.jpg,0.0
3742,4443.jpg,0.0
3743,4444.jpg,0.0
3744,4445.jpg,0.0
3745,4446.jpg,0.0
3746,4447.jpg,0.0
3747,4448.jpg,0.0
3748,4449.jpg,0.0
3749,4450.jpg,0.0
3750,4451.jpg,0.0
3751,4452.jpg,0.0
3752,4453.jpg,0.0
3753,4454.jpg,0.0
3754,4455.jpg,0.0
3755,4456.jpg,0.0
3756,4457.jpg,0.0
3757,4458.jpg,0.0
3758,4459.jpg,0.0
3759,4460.jpg,0.0
3760,4461.jpg,0.0
3761,4462.jpg,0.0
3762,4463.jpg,0.0
3763,4464.jpg,0.0
3764,4465.jpg,0.0
3765,4466.jpg,0.0
3766,4467.jpg,0.0
3767,4468.jpg,0.0
3768,4469.jpg,0.0
3769,4470.jpg,0.0
3770,4471.jpg,0.0
3771,4472.jpg,0.0
3772,4473.jpg,0.0
3773,4474.jpg,0.0
3774,4475.jpg,0.0
3775,4476.jpg,0.0
3776,4477.jpg,0.0
3777,4478.jpg,0.0
3778,4479.jpg,0.0
3779,4480.jpg,0.0
3780,4481.jpg,0.0
3781,4482.jpg,0.0
3782,4483.jpg,0.0
3783,4484.jpg,0.0
3784,4485.jpg,0.0
3785,4486.jpg,0.0
3786,4487.jpg,0.009521484375
3787,4488.jpg,0.076263427734375
3788,4489.jpg,0.076263427734375
3789,4490.jpg,0.076263427734375
3790,4491.jpg,0.18353271484375
3791,4492.jpg,0.200225830078125
3792,4493.jpg,0.235992431640625
3793,4494.jpg,0.235992431640625
3794,4495.jpg,0.240753173828125
3795,4496.jpg,0.250274658203125
3796,4497.jpg,0.258636474609375
3797,4498.jpg,0.258636474609375
3798,4499.jpg,0.258636474609375
3799,4500.jpg,0.258636474609375
3800,4501.jpg,0.26458740234375
3801,4502.jpg,0.364715576171875
3802,4503.jpg,0.364715576171875
3803,4504.jpg,0.364715576171875
3804,4505.jpg,0.364715576171875
3805,4506.jpg,0.364715576171875
3806,4507.jpg,0.364715576171875
3807,4508.jpg,0.364715576171875
3808,4509.jpg,0.364715576171875
3809,4510.jpg,0.364715576171875
3810,4511.jpg,0.364715576171875
3811,4512.jpg,0.364715576171875
3812,4513.jpg,0.364715576171875
3813,4514.jpg,0.364715576171875
3814,4515.jpg,0.364715576171875
3815,4516.jpg,0.364715576171875
3816,4517.jpg,0.364715576171875
3817,4518.jpg,0.364715576171875
3818,4519.jpg,0.30511474609375
3819,4520.jpg,0.278900146484375
3820,4521.jpg,0.195465087890625
3821,4522.jpg,0.0
3822,4523.jpg,0.0
3823,4524.jpg,0.0
3824,4525.jpg,0.0
3825,4526.jpg,0.0
3826,4527.jpg,0.0
3827,4528.jpg,0.0
3828,4529.jpg,0.0
3829,4530.jpg,0.0
3830,4531.jpg,0.0
3831,4532.jpg,0.0
3832,4533.jpg,0.0
3833,4534.jpg,0.0
3834,4535.jpg,0.0
3835,4536.jpg,0.0
3836,4537.jpg,0.0
3837,4538.jpg,0.0
3838,4539.jpg,0.0
3839,4540.jpg,0.0
3840,4541.jpg,0.0
3841,4542.jpg,0.0
3842,4543.jpg,0.0
3843,4544.jpg,0.0
3844,4545.jpg,0.0
3845,4546.jpg,0.0
3846,4547.jpg,0.0
3847,4548.jpg,0.0
3848,4549.jpg,0.0
3849,4550.jpg,0.0
3850,4551.jpg,0.0
3851,4552.jpg,0.0
3852,4553.jpg,0.0
3853,4554.jpg,0.0
3854,4555.jpg,0.0
3855,4556.jpg,0.0
3856,4557.jpg,0.0
3857,4558.jpg,0.0
3858,4559.jpg,0.0
3859,4560.jpg,0.0
3860,4561.jpg,0.0
3861,4562.jpg,0.0
3862,4563.jpg,0.0
3863,4564.jpg,0.0
3864,4565.jpg,0.0
3865,4566.jpg,0.0
3866,4567.jpg,0.0
3867,4568.jpg,0.0
3868,4569.jpg,0.0
3869,4570.jpg,0.0
3870,4571.jpg,0.0
3871,4572.jpg,0.0
3872,4573.jpg,0.0
3873,4574.jpg,0.0
3874,4575.jpg,0.0
3875,4576.jpg,0.0
3876,4577.jpg,0.0
3877,4578.jpg,0.0
3878,4579.jpg,0.0
3879,4580.jpg,0.0
3880,4581.jpg,0.0
3881,4582.jpg,0.0
3882,4583.jpg,0.0
3883,4584.jpg,0.0
3884,4585.jpg,0.0
3885,4586.jpg,0.0
3886,4587.jpg,0.0
3887,4588.jpg,0.0
3888,4589.jpg,0.0
3889,4590.jpg,0.0
3890,4591.jpg,0.0
3891,4592.jpg,0.0
3892,4593.jpg,0.0
3893,4594.jpg,0.0
3894,4595.jpg,0.0
3895,4596.jpg,0.0
3896,4597.jpg,0.0
3897,4598.jpg,0.0
3898,4599.jpg,0.0
3899,4600.jpg,0.0
3900,4601.jpg,0.0
3901,4602.jpg,0.0
3902,4603.jpg,0.0
3903,4604.jpg,0.0
3904,4605.jpg,0.0
3905,4606.jpg,0.0
3906,4607.jpg,0.0
3907,4608.jpg,0.0
3908,4609.jpg,0.0
3909,4610.jpg,0.0
3910,4611.jpg,0.0
3911,4612.jpg,0.0
3912,4613.jpg,0.0
3913,4614.jpg,0.0
3914,4615.jpg,0.0
3915,4616.jpg,0.0
3916,4617.jpg,0.0
3917,4618.jpg,0.0
3918,4619.jpg,0.0
3919,4620.jpg,0.0
3920,4621.jpg,0.0
3921,4622.jpg,0.0
3922,4623.jpg,0.0
3923,4624.jpg,0.0
3924,4625.jpg,0.0
3925,4626.jpg,0.0
3926,4627.jpg,0.0
3927,4628.jpg,0.0
3928,4629.jpg,0.0
3929,4630.jpg,0.0
3930,4631.jpg,0.0
3931,4632.jpg,0.0
3932,4633.jpg,0.0
3933,4634.jpg,0.0
3934,4635.jpg,0.0
3935,4636.jpg,0.0
3936,4637.jpg,0.0
3937,4638.jpg,0.0
3938,4639.jpg,0.0
3939,4640.jpg,0.0
3940,4641.jpg,0.0
3941,4642.jpg,0.0
3942,4643.jpg,0.0
3943,4644.jpg,0.0
3944,4645.jpg,0.0
3945,4646.jpg,0.0
3946,4647.jpg,0.0
3947,4648.jpg,0.0
3948,4649.jpg,0.0
3949,4650.jpg,0.0
3950,4651.jpg,0.0
3951,4652.jpg,0.0
3952,4653.jpg,0.0
3953,4654.jpg,0.0
3954,4655.jpg,0.0
3955,4656.jpg,0.0
3956,4657.jpg,0.0
3957,4658.jpg,0.0
3958,4659.jpg,0.0
3959,4660.jpg,0.0
3960,4661.jpg,0.0
3961,4662.jpg,0.0
3962,4663.jpg,0.0
3963,4664.jpg,0.0
3964,4665.jpg,0.0
3965,4666.jpg,0.0
3966,4667.jpg,0.0
